[2026/05/22 01:09:14   INFO]           [HytaleServer] Starting HytaleServer
[2026/05/22 01:09:14   INFO]           [HytaleServer] Loading config...
[2026/05/22 01:09:14   INFO]           [HytaleServer] Authentication mode: AUTHENTICATED
[2026/05/22 01:09:14   INFO]      [ServerAuthManager] Singleplayer mode, owner: imseb (6d49dfd8-b4aa-48ec-b608-4e0c15f00a4d)
[2026/05/22 01:09:14   INFO]      [ServerAuthManager] Session token loaded from environment
[2026/05/22 01:09:14   INFO]      [ServerAuthManager] Identity token loaded from environment
[2026/05/22 01:09:14   INFO]   [SessionServiceClient] Session Service client initialized for: https://sessions.hytale.com
[2026/05/22 01:09:14   INFO]           [JWTValidator] JWKS pre-seeded from embedded resource (1 keys)
[2026/05/22 01:09:14   INFO]           [JWTValidator] Identity token validated successfully for user imseb (UUID: 6d49dfd8-b4aa-48ec-b608-4e0c15f00a4d)
[2026/05/22 01:09:14   INFO]      [ServerAuthManager] Identity token validated for imseb (6d49dfd8-b4aa-48ec-b608-4e0c15f00a4d)
[2026/05/22 01:09:14   INFO]           [JWTValidator] Session token validated successfully (UUID: 6d49dfd8-b4aa-48ec-b608-4e0c15f00a4d)
[2026/05/22 01:09:14   INFO]      [ServerAuthManager] Session token validated
[2026/05/22 01:09:14   INFO]      [ServerAuthManager] Auth mode: SINGLEPLAYER
[2026/05/22 01:09:14   INFO]      [ServerAuthManager] Token refresh scheduled in 3295 seconds
[2026/05/22 01:09:14   INFO]      [ServerAuthManager] Server session ID: c1a6d8ae-5f51-45ee-9465-6fd59732e758
[2026/05/22 01:09:14   INFO]           [HytaleServer] Enabling Sentry
[2026/05/22 01:09:15   INFO]           [HytaleServer] Booting up HytaleServer - Version: 2026.03.26-89796e57b, Revision: 89796e57b95fa62c6306b423dde8dfbffaa03ce7
[2026/05/22 01:09:15   INFO]           [HytaleServer] Setup phase...
[2026/05/22 01:09:16   INFO]          [PluginManager] Loading pending core plugins!
[2026/05/22 01:09:16   INFO]          [PluginManager] - Hytale:ConsoleModule
[2026/05/22 01:09:16   INFO]          [PluginManager] - Hytale:PermissionsModule
[2026/05/22 01:09:16   INFO]          [PluginManager] - Hytale:UpdateModule
[2026/05/22 01:09:16   INFO]          [PluginManager] - Hytale:FlyCameraModule
[2026/05/22 01:09:16   INFO]          [PluginManager] - Hytale:AssetModule
[2026/05/22 01:09:16   INFO]          [PluginManager] - Hytale:CommonAssetModule
[2026/05/22 01:09:16   INFO]          [PluginManager] - Hytale:CosmeticsModule
[2026/05/22 01:09:16   INFO]          [PluginManager] - Hytale:ServerManager
[2026/05/22 01:09:16   INFO]          [PluginManager] - Hytale:I18nModule
[2026/05/22 01:09:16   INFO]          [PluginManager] - Hytale:ItemModule
[2026/05/22 01:09:16   INFO]          [PluginManager] - Hytale:BlockTypeModule
[2026/05/22 01:09:16   INFO]          [PluginManager] - Hytale:LegacyModule
[2026/05/22 01:09:16   INFO]          [PluginManager] - Hytale:BlockModule
[2026/05/22 01:09:16   INFO]          [PluginManager] - Hytale:CollisionModule
[2026/05/22 01:09:16   INFO]          [PluginManager] - Hytale:BlockSetModule
[2026/05/22 01:09:16   INFO]          [PluginManager] - Hytale:MigrationModule
[2026/05/22 01:09:16   INFO]          [PluginManager] - Hytale:BlockHealthModule
[2026/05/22 01:09:16   INFO]          [PluginManager] - Hytale:PrefabSpawnerModule
[2026/05/22 01:09:16   INFO]          [PluginManager] - Hytale:TimeModule
[2026/05/22 01:09:16   INFO]          [PluginManager] - Hytale:AnchorActionModule
[2026/05/22 01:09:16   INFO]          [PluginManager] - Hytale:InteractionModule
[2026/05/22 01:09:16   INFO]          [PluginManager] - Hytale:EntityModule
[2026/05/22 01:09:16   INFO]          [PluginManager] - Hytale:EntityStatsModule
[2026/05/22 01:09:16   INFO]          [PluginManager] - Hytale:EntityUIModule
[2026/05/22 01:09:16   INFO]          [PluginManager] - Hytale:DamageModule
[2026/05/22 01:09:16   INFO]          [PluginManager] - Hytale:SplitVelocity
[2026/05/22 01:09:16   INFO]          [PluginManager] - Hytale:StaminaModule
[2026/05/22 01:09:16   INFO]          [PluginManager] - Hytale:DebugPlugin
[2026/05/22 01:09:16   INFO]          [PluginManager] - Hytale:ProjectileModule
[2026/05/22 01:09:16   INFO]          [PluginManager] - Hytale:ServerPlayerListModule
[2026/05/22 01:09:16   INFO]          [PluginManager] - Hytale:VoiceModule
[2026/05/22 01:09:16   INFO]          [PluginManager] - Hytale:AccessControlModule
[2026/05/22 01:09:16   INFO]          [PluginManager] - Hytale:SingleplayerModule
[2026/05/22 01:09:16   INFO]          [PluginManager] - Hytale:Universe
[2026/05/22 01:09:16   INFO]          [PluginManager] - Hytale:ConnectedBlocksModule
[2026/05/22 01:09:16   INFO]          [PluginManager] Loading pending classpath plugins!
[2026/05/22 01:09:16   INFO]          [PluginManager] - Hytale:AssetEditor
[2026/05/22 01:09:16   INFO]          [PluginManager] - Hytale:BlockSpawner
[2026/05/22 01:09:16   INFO]          [PluginManager] - Hytale:BlockTick
[2026/05/22 01:09:16   INFO]          [PluginManager] - Hytale:BlockPhysics
[2026/05/22 01:09:16   INFO]          [PluginManager] - Hytale:BuilderTools
[2026/05/22 01:09:16   INFO]          [PluginManager] - Hytale:Crafting
[2026/05/22 01:09:16   INFO]          [PluginManager] - Hytale:CommandMacro
[2026/05/22 01:09:16   INFO]          [PluginManager] - Hytale:Instances
[2026/05/22 01:09:16   INFO]          [PluginManager] - Hytale:LANDiscovery
[2026/05/22 01:09:16   INFO]          [PluginManager] - Hytale:NPC
[2026/05/22 01:09:16   INFO]          [PluginManager] - Hytale:NPCObjectives
[2026/05/22 01:09:16   INFO]          [PluginManager] - Hytale:ObjectiveReputation
[2026/05/22 01:09:16   INFO]          [PluginManager] - Hytale:Objectives
[2026/05/22 01:09:16   INFO]          [PluginManager] - Hytale:ObjectiveShop
[2026/05/22 01:09:16   INFO]          [PluginManager] - Hytale:Path
[2026/05/22 01:09:16   INFO]          [PluginManager] - Hytale:Reputation
[2026/05/22 01:09:16   INFO]          [PluginManager] - Hytale:NPCReputation
[2026/05/22 01:09:16   INFO]          [PluginManager] - Hytale:Shop
[2026/05/22 01:09:16   INFO]          [PluginManager] - Hytale:ShopReputation
[2026/05/22 01:09:16   INFO]          [PluginManager] - Hytale:NPCShop
[2026/05/22 01:09:16   INFO]          [PluginManager] - Hytale:NPCEditor
[2026/05/22 01:09:16   INFO]          [PluginManager] - Hytale:Stash
[2026/05/22 01:09:16   INFO]          [PluginManager] - Hytale:TagSet
[2026/05/22 01:09:16   INFO]          [PluginManager] - Hytale:Teleport
[2026/05/22 01:09:16   INFO]          [PluginManager] - Hytale:Fluid
[2026/05/22 01:09:16   INFO]          [PluginManager] - Hytale:Weather
[2026/05/22 01:09:16   INFO]          [PluginManager] - Hytale:WorldGen
[2026/05/22 01:09:16   INFO]          [PluginManager] - Hytale:Farming
[2026/05/22 01:09:16   INFO]          [PluginManager] - Hytale:Camera
[2026/05/22 01:09:16   INFO]          [PluginManager] - Hytale:WorldLocationCondition
[2026/05/22 01:09:16   INFO]          [PluginManager] - Hytale:NPCCombatActionEvaluator
[2026/05/22 01:09:16   INFO]          [PluginManager] - Hytale:Model
[2026/05/22 01:09:16   INFO]          [PluginManager] - Hytale:Mantling
[2026/05/22 01:09:16   INFO]          [PluginManager] - Hytale:SafetyRoll
[2026/05/22 01:09:16   INFO]          [PluginManager] - Hytale:SprintForce
[2026/05/22 01:09:16   INFO]          [PluginManager] - Hytale:CrouchSlide
[2026/05/22 01:09:16   INFO]          [PluginManager] - Hytale:Parkour
[2026/05/22 01:09:16   INFO]          [PluginManager] - Hytale:Mounts
[2026/05/22 01:09:16   INFO]          [PluginManager] - Hytale:HytaleGenerator
[2026/05/22 01:09:16   INFO]          [PluginManager] - Hytale:Teleporter
[2026/05/22 01:09:16   INFO]          [PluginManager] - Hytale:Memories
[2026/05/22 01:09:16   INFO]          [PluginManager] - Hytale:Deployables
[2026/05/22 01:09:16   INFO]          [PluginManager] - Hytale:Portals
[2026/05/22 01:09:16   INFO]          [PluginManager] - Hytale:Beds
[2026/05/22 01:09:16   INFO]          [PluginManager] - Hytale:Ambience
[2026/05/22 01:09:16   INFO]          [PluginManager] - Hytale:CreativeHub
[2026/05/22 01:09:16   INFO]          [PluginManager] - Hytale:RandomTick
[2026/05/22 01:09:16   INFO]          [PluginManager] Loading pending plugins from directory: mods
[2026/05/22 01:09:16   INFO]          [PluginManager] Loading pending plugins from directory: C:\Users\fishe\AppData\Roaming\Hytale\UserData\Mods
[2026/05/22 01:09:16   INFO]          [PluginManager] - Buuz135:AdvancedItemInfo from path AdvancedItemInfo-1.0.6.jar
[2026/05/22 01:09:16   WARN]          [PluginManager] Skipping mod Buuz135:AdvancedItemInfo (Disabled by server config)
[2026/05/22 01:09:16   INFO]          [PluginManager] - org.herolias:DynamicTooltipsLib from path DynamicTooltipsLib-1.5.2.jar
[2026/05/22 01:09:16   WARN]          [PluginManager] Skipping mod org.herolias:DynamicTooltipsLib (Disabled by server config)
[2026/05/22 01:09:16   INFO]          [PluginManager] - GilloDaby:Fullbright Mod from path Fullbright-1.1.3.jar
[2026/05/22 01:09:16   WARN]          [PluginManager] Skipping mod GilloDaby:Fullbright Mod (Disabled by server config)
[2026/05/22 01:09:16   INFO]          [PluginManager] - GoneFishing:GoneFishing from path GoneFishing-0.4.0.jar
[2026/05/22 01:09:16   WARN]          [PluginManager] Skipping mod GoneFishing:GoneFishing (Disabled by server config)
[2026/05/22 01:09:16   INFO]          [PluginManager] - com.hypersonicsharkz:Hytalor from path Hytalor-2.2.jar
[2026/05/22 01:09:16   WARN]          [PluginManager] Skipping mod com.hypersonicsharkz:Hytalor (Disabled by server config)
[2026/05/22 01:09:16   INFO]          [PluginManager] - HyTame:HyTame from path hytame-1.5.3.jar
[2026/05/22 01:09:16   WARN]          [PluginManager] Skipping mod HyTame:HyTame (Disabled by server config)
[2026/05/22 01:09:16   INFO]          [PluginManager] - com.motm:Mentees of the Mystical from path mentees_of_the_mystical-1.0.1-internal.jar
[2026/05/22 01:09:16   INFO]          [PluginManager] - Sebastian:MoreMounts from path More Mounts v1.2.1.jar
[2026/05/22 01:09:16   WARN]          [PluginManager] Skipping mod Sebastian:MoreMounts (Disabled by server config)
[2026/05/22 01:09:16   INFO]          [PluginManager] - Darkhax:Overstacked from path Overstacked-2026.2.20-970.jar
[2026/05/22 01:09:16   WARN]          [PluginManager] Skipping mod Darkhax:Overstacked (Disabled by server config)
[2026/05/22 01:09:16   INFO]          [PluginManager] - narwhals:Perfect Parries from path Perfect Parries-0.8.1.jar
[2026/05/22 01:09:16   WARN]          [PluginManager] Skipping mod narwhals:Perfect Parries (Disabled by server config)
[2026/05/22 01:09:16   INFO]          [PluginManager] - Hyronix:Pets+ from path Pets+1.3.1.jar
[2026/05/22 01:09:16   WARN]          [PluginManager] Skipping mod Hyronix:Pets+ (Disabled by server config)
[2026/05/22 01:09:16   INFO]          [PluginManager] - BlameJared:QuickCrafting from path QuickCrafting-1.0.2.jar
[2026/05/22 01:09:16   WARN]          [PluginManager] Skipping mod BlameJared:QuickCrafting (Disabled by server config)
[2026/05/22 01:09:16   INFO]          [PluginManager] - Zuxaw:RPGLeveling from path RPGLeveling-0.3.1.jar
[2026/05/22 01:09:16   WARN]          [PluginManager] Skipping mod Zuxaw:RPGLeveling (Disabled by server config)
[2026/05/22 01:09:16   INFO]          [PluginManager] - org.herolias:SimpleEnchantments from path SimpleEnchantments-1.0.0.jar
[2026/05/22 01:09:16   WARN]          [PluginManager] Skipping mod org.herolias:SimpleEnchantments (Disabled by server config)
[2026/05/22 01:09:16   INFO]          [PluginManager] - BlameJared:SimplyTrash from path Simply-Trash-1.0.2.jar
[2026/05/22 01:09:16   WARN]          [PluginManager] Skipping mod BlameJared:SimplyTrash (Disabled by server config)
[2026/05/22 01:09:16   INFO]          [PluginManager] - Darkhax:Spellbook from path Spellbook-2026.2.20-126.jar
[2026/05/22 01:09:16   WARN]          [PluginManager] Skipping mod Darkhax:Spellbook (Disabled by server config)
[2026/05/22 01:09:16   INFO]          [PluginManager] - Vyklade:Unified Magic Theory from path UnifiedMagicTheory-1.3.0.jar
[2026/05/22 01:09:16   WARN]          [PluginManager] Skipping mod Vyklade:Unified Magic Theory (Disabled by server config)
[2026/05/22 01:09:16   INFO]          [PluginManager] - wanmine:WansWonderWeapon from path WansWonderWeapon-1.0.17.jar
[2026/05/22 01:09:16   WARN]          [PluginManager] Skipping mod wanmine:WansWonderWeapon (Disabled by server config)
[2026/05/22 01:09:16   INFO]          [PluginManager] - Samiracle:WorkbenchTierKeeper from path WorkbenchTierKeeper-1.0.0.jar
[2026/05/22 01:09:16   WARN]          [PluginManager] Skipping mod Samiracle:WorkbenchTierKeeper (Disabled by server config)
[2026/05/22 01:09:16   INFO]             [Universe|P] Scheduled backup to run every 30 minute(s)
-=|Setup|1.0
-=|Setup|2.0
-=|Setup|4.0
-=|Setup|5.0
[2026/05/22 01:09:16   INFO]          [AssetModule|P] Asset monitor enabled!
[2026/05/22 01:09:16   INFO]          [AssetModule|P] Loaded pack: Hytale:Hytale from Assets.zip
[2026/05/22 01:09:16   INFO]          [AssetModule|P] Loading packs from directory: mods
[2026/05/22 01:09:16   INFO]          [AssetModule|P] Skipped disabled pack: com.motm.runtime:MOTM Runtime Data
[2026/05/22 01:09:16   WARN]          [AssetModule|P] Skipping pack at Hytale_Shop: missing or invalid manifest.json
[2026/05/22 01:09:16   INFO]          [AssetModule|P] Loading packs from directory: C:\Users\fishe\AppData\Roaming\Hytale\UserData\Mods
[2026/05/22 01:09:16   INFO]          [AssetModule|P] Skipped disabled pack: TerraByte:Arcane Addons
[2026/05/22 01:09:16   INFO]          [AssetModule|P] Skipped disabled pack: BlackAures:Aures - Livestock Skins
[2026/05/22 01:09:16   INFO]          [AssetModule|P] Skipped disabled pack: TeeEmDee:Brighter Torches
[2026/05/22 01:09:16   INFO]          [AssetModule|P] Skipped disabled pack: CustomMod:Comet Raids
[2026/05/22 01:09:16   INFO]          [AssetModule|P] Skipped disabled pack: Onilke:Expanded Necromancy
[2026/05/22 01:09:16   INFO]          [AssetModule|P] Skipped disabled pack: Kazzy:Kazzy's Pets & Mounts
[2026/05/22 01:09:16   INFO]          [AssetModule|P] Skipped disabled pack: Zistroxyy:Mighty Staffs
[2026/05/22 01:09:16   INFO]          [AssetModule|P] Skipped disabled pack: Adathan:Tower of Shiva
[2026/05/22 01:09:16   INFO]          [AssetModule|P] Skipped disabled pack: Darkhax:WaybackCharm
[2026/05/22 01:09:16   INFO]          [AssetModule|P] Skipped disabled pack: RickyRicardo:X1.4.3 OreSight
[2026/05/22 01:09:16   INFO]          [AssetModule|P] Skipped disabled pack: Pyroo:GlowingWater
-=|Setup|6.0
[2026/05/22 01:09:16   INFO]        [ConsoleModule|P] Setup console with type: dumb
-=|Setup|7.000000000000001
-=|Setup|8.0
-=|Setup|9.0
-=|Setup|11.0
-=|Setup|12.0
-=|Setup|13.0
-=|Setup|14.000000000000002
-=|Setup|15.0
-=|Setup|16.0
-=|Setup|18.0
-=|Setup|19.0
-=|Setup|20.0
-=|Setup|21.0
[2026/05/22 01:09:17   INFO]      [ServerAuthManager] Server certificate set: CN=localhost
[2026/05/22 01:09:17   INFO]          [QUICTransport] Server certificate registered for mutual auth, fingerprint: IfCxMN0fV5U5SHRnelx7Xuqzi7klgXbqeddLT-6KtME
[2026/05/22 01:09:17   INFO]          [QUICTransport] Using IPv4 Datagram Channel: NioDatagramChannel(INET)...
[2026/05/22 01:09:17   INFO]          [QUICTransport] Using IPv6 Datagram Channel: NioDatagramChannel(INET6)...
[2026/05/22 01:09:17   INFO]        [ServerManager|P] Took 1sec 257ms 131us 300ns to setup transport!
-=|Setup|22.0
-=|Setup|24.0
-=|Setup|25.0
-=|Setup|26.0
-=|Setup|27.0
-=|Setup|28.000000000000004
-=|Setup|28.999999999999996
-=|Setup|31.0
-=|Setup|32.0
-=|Setup|33.0
-=|Setup|34.0
-=|Setup|35.0
-=|Setup|36.0
-=|Setup|38.0
-=|Setup|39.0
-=|Setup|40.0
-=|Setup|41.0
-=|Setup|42.0
-=|Setup|44.0
-=|Setup|45.0
-=|Setup|46.0
-=|Setup|47.0
-=|Setup|48.0
-=|Setup|49.0
-=|Setup|51.0
-=|Setup|52.0
-=|Setup|53.0
-=|Setup|54.0
-=|Setup|55.00000000000001
-=|Setup|56.00000000000001
-=|Setup|57.99999999999999
-=|Setup|59.0
-=|Setup|60.0
-=|Setup|61.0
-=|Setup|62.0
-=|Setup|64.0
-=|Setup|65.0
-=|Setup|66.0
-=|Setup|67.0
-=|Setup|68.0
-=|Setup|69.0
-=|Setup|71.0
[2026/05/22 01:09:18   INFO]          [VoiceModule|P] [Voice] Registered voice stream handler
[2026/05/22 01:09:18   INFO]          [VoiceModule|P] [Voice] VoiceModule initialized (maxDistance=32.0, refDistance=4.0, enabled=false, voiceStreamSupported=true)
-=|Setup|72.0
-=|Setup|73.0
-=|Setup|74.0
-=|Setup|75.0
-=|Setup|76.0
-=|Setup|78.0
-=|Setup|79.0
-=|Setup|80.0
-=|Setup|81.0
-=|Setup|82.0
-=|Setup|84.0
-=|Setup|85.0
-=|Setup|86.0
-=|Setup|87.0
-=|Setup|88.0
-=|Setup|89.0
-=|Setup|91.0
-=|Setup|92.0
-=|Setup|93.0
-=|Setup|94.0
-=|Setup|95.0
-=|Setup|96.0
-=|Setup|98.0
-=|Setup|99.0
[2026/05/22 01:09:19   INFO]                   [MOTM] [MOTM] Migrated legacy plugin data from asset-scanned mods folder: C:\Users\fishe\AppData\Roaming\Hytale\UserData\Saves\MOTM Creative Test\mods\com.motm_Mentees of the Mystical
[2026/05/22 01:09:19   INFO]                   [MOTM] [MOTM] Using operational data directory outside asset-scanned mods folder: C:\Users\fishe\AppData\Roaming\Hytale\UserData\Saves\MOTM Creative Test\motm-data\com.motm_Mentees of the Mystical
[2026/05/22 01:09:19   INFO]                   [MOTM] [MOTM] Dev tools enabled via motm-server.properties
[2026/05/22 01:09:19   INFO]                   [MOTM] ========================================
[2026/05/22 01:09:19   INFO]                   [MOTM]   Mentees of the Mystical v1.0.0
[2026/05/22 01:09:19   INFO]                   [MOTM]   4 Classes | 40 Styles | 800 Perks | Level 1-200
[2026/05/22 01:09:19   INFO]                   [MOTM]   Build Channel: internal
[2026/05/22 01:09:19   INFO]                   [MOTM] ========================================
[2026/05/22 01:09:19   INFO]                   [MOTM] [MOTM] Loaded class: terra
[2026/05/22 01:09:19   INFO]                   [MOTM] [MOTM] Loaded class: hydro
[2026/05/22 01:09:19   INFO]                   [MOTM] [MOTM] Loaded class: aero
[2026/05/22 01:09:19   INFO]                   [MOTM] [MOTM] Loaded class: corruptus
[2026/05/22 01:09:19   INFO]                   [MOTM] [MOTM] Loaded 200 perks for class: terra
[2026/05/22 01:09:19   INFO]                   [MOTM] [MOTM] Loaded 200 perks for class: hydro
[2026/05/22 01:09:19   INFO]                   [MOTM] [MOTM] Loaded 200 perks for class: aero
[2026/05/22 01:09:19   INFO]                   [MOTM] [MOTM] Loaded 200 perks for class: corruptus
[2026/05/22 01:09:19   INFO]                   [MOTM] [MOTM] Filtered 240 unimplemented high-tier perks (tier > 14)
[2026/05/22 01:09:19   INFO]                   [MOTM] [MOTM] Loaded 10 styles (30 abilities) for class: terra
[2026/05/22 01:09:19   INFO]                   [MOTM] [MOTM] Loaded 10 styles (30 abilities) for class: hydro
[2026/05/22 01:09:19   INFO]                   [MOTM] [MOTM] Loaded 10 styles (30 abilities) for class: aero
[2026/05/22 01:09:19   INFO]                   [MOTM] [MOTM] Loaded 10 styles (30 abilities) for class: corruptus
[2026/05/22 01:09:19   INFO]                   [MOTM] [MOTM] Loaded 6 elemental reactions.
[2026/05/22 01:09:19   INFO]                   [MOTM] [MOTM] Loaded 12 races.
[2026/05/22 01:09:19   INFO]                   [MOTM] [MOTM] Loaded leveling data.
[2026/05/22 01:09:19   INFO]                   [MOTM] [MOTM] Loaded mob data.
[2026/05/22 01:09:19   INFO]                   [MOTM] [MOTM] Loaded elite titles data.
[2026/05/22 01:09:19   INFO]                   [MOTM] [MOTM] Data loading complete.
[2026/05/22 01:09:19   INFO]                   [MOTM] [MOTM] Registered MOTM spellbook custom interactions: primary/secondary/use
[2026/05/22 01:09:19   INFO]                   [MOTM] [MOTM] Preflight audit: ISSUES found before live gameplay validation.
[2026/05/22 01:09:19   INFO]                   [MOTM] [MOTM] Classes=4 Styles=40 Abilities=120 Errors=1 Warnings=218
[2026/05/22 01:09:19   INFO]                   [MOTM] [MOTM] ERROR ability:brood_surge - Summon cast is missing summon_name.
[2026/05/22 01:09:19   INFO]                   [MOTM] [MOTM] WARN perk:corruptus_t01_burning_touch:synergy - Perk effect type 'burn_damage' is not recognized as implemented.
[2026/05/22 01:09:19   INFO]                   [MOTM] [MOTM] WARN perk:corruptus_t01_flame_shield - Perk effect type 'on_hit_taken' is not recognized as implemented.
[2026/05/22 01:09:19   INFO]                   [MOTM] [MOTM] WARN perk:corruptus_t01_ember_trail - Perk effect type 'on_move' is not recognized as implemented.
[2026/05/22 01:09:19   INFO]                   [MOTM] [MOTM] WARN perk:corruptus_t02_corruption_spread - Perk effect type 'effect_enhancement' is not recognized as implemented.
[2026/05/22 01:09:19   INFO]                   [MOTM] [MOTM] WARN perk:corruptus_t02_hellfire_aura - Perk effect type 'aura_damage' is not recognized as implemented.
[2026/05/22 01:09:19   INFO]                   [MOTM] [MOTM] Preflight report written to C:\Users\fishe\AppData\Roaming\Hytale\UserData\Saves\MOTM Creative Test\motm-data\com.motm_Mentees of the Mystical\motm-preflight-report.txt
-=|Setup|100.0
[2026/05/22 01:09:19   INFO]      [ServerAuthManager] Auth credential store: Memory
[2026/05/22 01:09:19   INFO]           [HytaleServer] Setup phase completed! Boot time 5sec 455ms 181us 200ns
[2026/05/22 01:09:19   INFO]                 [Hytale] Loading common assets from: /
[2026/05/22 01:09:19   INFO]    [CommonAssetModule|P] Took 115ms 551us 900ns to load 24748 assets from CommonAssetsIndex.hashes file.
[2026/05/22 01:09:19   WARN]    [CommonAssetModule|P] Duplicated Asset Count: 922
[2026/05/22 01:09:19   INFO]                 [Hytale] Loading common assets phase completed! Boot time 5sec 571ms 949us 200ns, Took 116ms 2us 700ns
[2026/05/22 01:09:19   INFO]                 [Hytale] Loading common assets from: /
[2026/05/22 01:09:19   INFO]    [CommonAssetModule|P] Took 9ms 35us 400ns to walk file tree and load 28 assets.
[2026/05/22 01:09:19   WARN]    [CommonAssetModule|P] Duplicated Asset Count: 922
[2026/05/22 01:09:19   INFO]                 [Hytale] Loading common assets phase completed! Boot time 5sec 581ms 597us 600ns, Took 9ms 568us 900ns
[2026/05/22 01:09:19   INFO]    [AssetRegistryLoader] Loading 96 asset stores...
[2026/05/22 01:09:19   INFO]    [AssetRegistryLoader] Pre-adding assets...
[2026/05/22 01:09:19   INFO]      [CollisionModule|P] Block extents for CollisionSystem is Max=0.0, Min=0.0
[2026/05/22 01:09:19   INFO]                 [Hytale] Loading assets from: /Server
[2026/05/22 01:09:19   INFO]    [AssetRegistryLoader] Loading assets from /Server
[2026/05/22 01:09:20   WARN]        [HytaleGenerator] Duplicate export name for asset: pattern1
[2026/05/22 01:09:20   WARN]  [AssetStore|BiomeAsset] Unused key(s) in 'Something' file /Server/HytaleGenerator/Biomes/Experimental/Something.json: Terrain.Density.Inputs.0.Inputs.0.Inputs.0.Inputs.0.CacheSize, Terrain.Density.Inputs.0.Inputs.0.Inputs.0.Inputs.1.Inputs.0.CacheSize, Terrain.Density.Inputs.0.Inputs.0.Inputs.1.Inputs.0.CacheSize, Terrain.Density.Inputs.0.Inputs.0.Inputs.1.Inputs.1.Inputs.0.Inputs.0.Inputs.0.Inputs.0.Sampled, Terrain.Density.Inputs.0.Inputs.0.Inputs.1.Inputs.3.Inputs.0.Inputs.0.CacheSize, Terrain.Density.Inputs.0.Inputs.1.Inputs.0.CacheSize, Terrain.Density.Inputs.0.Inputs.1.Inputs.1.Inputs.0.Inputs.0.CacheSize
[2026/05/22 01:09:20   WARN]  [AssetStore|BiomeAsset] Unused key(s) in 'Example_Prop' file /Server/HytaleGenerator/Biomes/Examples/Example_Prop.json: Terrain.Density.Inputs.0.CacheSize
[2026/05/22 01:09:20   WARN]  [AssetStore|BiomeAsset] Unused key(s) in 'Example_Fluid' file /Server/HytaleGenerator/Biomes/Examples/Example_Fluid.json: Terrain.Density.Inputs.0.CacheSize, MaterialProvider.Empty.Queue.0.BaseHeight
[2026/05/22 01:09:20   WARN]  [AssetStore|BiomeAsset] Unused key(s) in 'Fake3dNoise' file /Server/HytaleGenerator/Biomes/Examples/Fake3dNoise.json: Terrain.Density.Inputs.1.CacheSize, Terrain.Density.Inputs.2.Inputs.1.Inputs.0.Inputs.0.CacheSize, Terrain.Density.Inputs.2.Inputs.1.Inputs.0.Inputs.1.CacheSize, Terrain.Density.Inputs.2.Inputs.1.Inputs.0.Inputs.2.CacheSize, Terrain.Density.Inputs.2.Inputs.1.Inputs.0.Inputs.3.CacheSize, Terrain.Density.Inputs.2.Inputs.1.Inputs.0.Inputs.4.CacheSize, Terrain.Density.Inputs.2.Inputs.1.Inputs.0.Inputs.5.CacheSize
[2026/05/22 01:09:20   INFO]        [HytaleGenerator] Exported Scanner asset with name 'BasicForestTreeScanner' with asset id 'null
[2026/05/22 01:09:20   WARN]  [AssetStore|BiomeAsset] Unused key(s) in 'CursebreakerKeyartBiome' file /Server/HytaleGenerator/Biomes/Experimental/CursebreakerKeyartBiome.json: Terrain.Density.Inputs.0.Inputs.0.Inputs.0.Inputs.0.Inputs.0.Inputs.0.CacheSize, Terrain.Density.Inputs.0.Inputs.0.Inputs.0.Inputs.1.Inputs.0.Inputs.0.CacheSize, Terrain.Density.Inputs.0.Inputs.0.Inputs.1.Inputs.0.Inputs.0.Inputs.0.Inputs.0.CacheSize, Terrain.Density.Inputs.0.Inputs.1.Inputs.0.Inputs.0.Inputs.0.CacheSize
[2026/05/22 01:09:20   WARN]  [AssetStore|BiomeAsset] Unused key(s) in 'Example_Multi_Mixer_Horizontal' file /Server/HytaleGenerator/Biomes/Examples/Example_Multi_Mixer_Horizontal.json: Terrain.Density.Inputs.0.Inputs.0.Inputs.0.Inputs.0.CacheSize, Terrain.Density.Inputs.0.Inputs.0.Inputs.0.Inputs.1.CacheSize, Terrain.Density.Inputs.0.Inputs.0.Inputs.0.Inputs.2.CacheSize, Terrain.Density.Inputs.0.Inputs.0.Inputs.0.Inputs.3.CacheSize
[2026/05/22 01:09:20   WARN]  [AssetStore|BiomeAsset] Unused key(s) in 'Dunes' file /Server/HytaleGenerator/Biomes/Experimental/Dunes.json: Terrain.Density.Inputs.0.Inputs.0.Inputs.0.Inputs.0.Inputs.0.Inputs.1.Inputs.0.Inputs.0.Inputs.0.CacheSize, Terrain.Density.Inputs.0.Inputs.0.Inputs.0.Inputs.0.Inputs.0.Inputs.1.Inputs.0.Inputs.1.Inputs.0.CacheSize, Terrain.Density.Inputs.0.Inputs.0.Inputs.0.Inputs.1.Inputs.0.Inputs.0.Inputs.0.CacheSize, Terrain.Density.Inputs.0.Inputs.0.Inputs.0.Inputs.1.Inputs.0.Inputs.1.Inputs.0.CacheSize, Terrain.Density.Inputs.0.Inputs.0.Inputs.1.Inputs.0.Inputs.0.Inputs.1.Inputs.0.Inputs.0.Inputs.0.CacheSize, Terrain.Density.Inputs.0.Inputs.0.Inputs.1.Inputs.0.Inputs.0.Inputs.1.Inputs.0.Inputs.1.Inputs.0.CacheSize, Terrain.Density.Inputs.0.Inputs.0.Inputs.1.Inputs.1.Inputs.0.Inputs.0.CacheSize, Terrain.Density.Inputs.0.Inputs.0.Inputs.1.Inputs.1.Inputs.1.Inputs.0.CacheSize, Terrain.Density.Inputs.0.Inputs.1.Inputs.0.Inputs.0.Inputs.0.Inputs.0.CacheSize, Terrain.Density.Inputs.0.Inputs.1.Inputs.1.Inputs.0.CacheSize, MaterialProvider.Solid.Queue.0.FieldFunction.CacheSize
[2026/05/22 01:09:20   WARN]  [AssetStore|BiomeAsset] Unused key(s) in 'Plains1_Deeproot' file /Server/HytaleGenerator/Biomes/Plains1/Plains1_Deeproot.json: Props.5.Positions.OffsetX, Props.5.Positions.OffsetY, Props.5.Positions.OffsetZ
[2026/05/22 01:09:20   WARN]  [AssetStore|BiomeAsset] Unused key(s) in 'SingleInstance_Test' file /Server/HytaleGenerator/Biomes/Examples/SingleInstance_Test.json: Terrain.Density.Inputs.0.Inputs.1.SingleInstance
[2026/05/22 01:09:20   WARN]        [HytaleGenerator] Duplicate export name for asset: werstjrtydkm,
[2026/05/22 01:09:20   WARN]  [AssetStore|BiomeAsset] Unused key(s) in 'Example_Multi_Mixer_Curve' file /Server/HytaleGenerator/Biomes/Examples/Example_Multi_Mixer_Curve.json: Terrain.Density.Inputs.0.Inputs.0.Inputs.0.Inputs.0.CacheSize, Terrain.Density.Inputs.0.Inputs.1.Inputs.0.Inputs.0.Inputs.0.Inputs.0.CacheSize, Terrain.Density.Inputs.0.Inputs.1.Inputs.0.Inputs.0.Inputs.0.Inputs.1.CacheSize, Terrain.Density.Inputs.0.Inputs.1.Inputs.0.Inputs.0.Inputs.0.Inputs.2.CacheSize, Terrain.Density.Inputs.0.Inputs.1.Inputs.1.CacheSize, Terrain.Density.Inputs.1.Inputs.0.CacheSize
[2026/05/22 01:09:20   WARN]  [AssetStore|BiomeAsset] Unused key(s) in 'Arches' file /Server/HytaleGenerator/Biomes/Experimental/Arches.json: Terrain.Density.Inputs.0.Inputs.0.Inputs.0.Inputs.0.Inputs.0.CacheSize, Terrain.Density.Inputs.0.Inputs.1.Inputs.0.Inputs.0.Inputs.0.CacheSize, Terrain.Density.Inputs.0.Inputs.1.Inputs.0.Inputs.0.Inputs.0.Inputs.0.ReturnType.Density.CacheSize, Terrain.Density.Inputs.0.Inputs.1.Inputs.0.Inputs.1.Inputs.0.CacheSize, Terrain.Density.Inputs.0.Inputs.1.Inputs.0.Inputs.1.Inputs.0.Inputs.0.ReturnType.Density.Inputs.0.Inputs.0.Inputs.0.CacheSize, Terrain.Density.Inputs.0.Inputs.1.Inputs.0.Inputs.2.Inputs.0.CacheSize
[2026/05/22 01:09:20   WARN]        [HytaleGenerator] Duplicate export name for asset: BasicForestTreeScanner
[2026/05/22 01:09:20   INFO]        [HytaleGenerator] Exported Scanner asset with name 'BasicForestTreeScanner' with asset id 'null
[2026/05/22 01:09:20   WARN]        [HytaleGenerator] Duplicate export name for asset: River-Boulders-Mask
[2026/05/22 01:09:20   WARN]        [HytaleGenerator] Duplicate export name for asset: werstjrtydkm,
[2026/05/22 01:09:20   WARN]        [HytaleGenerator] Duplicate export name for asset: River-Boulders-Mask
[2026/05/22 01:09:20   WARN]        [HytaleGenerator] Duplicate export name for asset: Taiga1_Rewood_Trees_Mask
[2026/05/22 01:09:20   WARN]        [HytaleGenerator] Duplicate export name for asset: Desert1_Rivers_Cliffs
[2026/05/22 01:09:20   WARN]        [HytaleGenerator] Duplicate export name for asset: River-Boulders-Mask
[2026/05/22 01:09:20 SEVERE]                   [SERR] Reallocate: 131072 to 1179648
[2026/05/22 01:09:20 SEVERE]                   [SERR] Reallocate: 131072 to 1179648
[2026/05/22 01:09:20   WARN]        [HytaleGenerator] Duplicate export name for asset: Plains1-Gorges-BaseTerrain
[2026/05/22 01:09:20   WARN]  [AssetStore|BiomeAsset] Unused key(s) in 'Volcanic1_Jungle' file /Server/HytaleGenerator/Biomes/Volcanic1/Volcanic1_Jungle.json: Props.1.Positions.OffsetX, Props.1.Positions.OffsetY, Props.1.Positions.OffsetZ, Props.2.Positions.OffsetX, Props.2.Positions.OffsetY, Props.2.Positions.OffsetZ, Props.3.Positions.OffsetX, Props.3.Positions.OffsetY, Props.3.Positions.OffsetZ
[2026/05/22 01:09:20   WARN]  [AssetStore|BiomeAsset] Unused key(s) in 'Example_Mixer' file /Server/HytaleGenerator/Biomes/Examples/Example_Mixer.json: Terrain.Density.Inputs.0.CacheSize, Terrain.Density.Inputs.1.Inputs.2.Inputs.0.CacheSize
[2026/05/22 01:09:20 SEVERE]                   [SERR] Reallocate: 131072 to 1179648
[2026/05/22 01:09:20   WARN]        [HytaleGenerator] Duplicate export name for asset: River-Boulders-Mask
[2026/05/22 01:09:20   WARN]        [HytaleGenerator] Duplicate export name for asset: River-Boulders-Mask
[2026/05/22 01:09:20   WARN]        [HytaleGenerator] Duplicate export name for asset: River-Boulders-Mask
[2026/05/22 01:09:20   WARN]        [HytaleGenerator] Duplicate export name for asset: River-Boulders-Mask
[2026/05/22 01:09:20   INFO]        [HytaleGenerator] Exported Scanner asset with name 'Desert1_Rocky_Trees_Dry_Scanner' with asset id 'null
[2026/05/22 01:09:20   INFO]        [HytaleGenerator] Exported Scanner asset with name 'Desert1_Rocky_Trees_Palm_Scanner' with asset id 'null
[2026/05/22 01:09:20   WARN]        [HytaleGenerator] Duplicate export name for asset: Peak
[2026/05/22 01:09:20   WARN]        [HytaleGenerator] Duplicate export name for asset: River-Boulders-Mask
[2026/05/22 01:09:20   WARN]  [AssetStore|BiomeAsset] Unused key(s) in 'Desert1_Oasis' file /Server/HytaleGenerator/Biomes/Desert1/Desert1_Oasis.json: Props.2.Positions.Positions.OffsetX, Props.2.Positions.Positions.OffsetY, Props.2.Positions.Positions.OffsetZ, Props.3.Positions.Positions.OffsetX, Props.3.Positions.Positions.OffsetY, Props.3.Positions.Positions.OffsetZ, Props.4.Positions.Positions.OffsetX, Props.4.Positions.Positions.OffsetY, Props.4.Positions.Positions.OffsetZ, Props.5.Positions.Positions.OffsetX, Props.5.Positions.Positions.OffsetY, Props.5.Positions.Positions.OffsetZ, Props.6.Positions.Positions.OffsetX, Props.6.Positions.Positions.OffsetY, Props.6.Positions.Positions.OffsetZ
[2026/05/22 01:09:20   WARN]  [AssetStore|BiomeAsset] Unused key(s) in 'Generative_Buildings' file /Server/HytaleGenerator/Biomes/Generative/Generative_Buildings.json: Terrain.Density.Inputs.1.Inputs.0.Inputs.0.Inputs.0.Inputs.0.Inputs.0.Inputs.0.Inputs.0.Inputs.0.Positions.Positions.Positions.OffsetX, Terrain.Density.Inputs.1.Inputs.0.Inputs.0.Inputs.0.Inputs.0.Inputs.0.Inputs.0.Inputs.0.Inputs.0.Positions.Positions.Positions.OffsetY, Terrain.Density.Inputs.1.Inputs.0.Inputs.0.Inputs.0.Inputs.0.Inputs.0.Inputs.0.Inputs.0.Inputs.0.Positions.Positions.Positions.OffsetZ
[2026/05/22 01:09:20   WARN] [AssetStore|AssignmentsAsset] Unused key(s) in 'Runtime_Defect_1' file /Server/HytaleGenerator/Assignments/Dev/Runtime_Defect_1.json: Prop.BoxBlockType
[2026/05/22 01:09:20   WARN] [AssetStore|AssignmentsAsset] Unused key(s) in 'Plains1_Deeproot_Grasses' file /Server/HytaleGenerator/Assignments/Plains1/Plains1_Deeproot_Grasses.json: FieldFunction.CacheSize
[2026/05/22 01:09:20   WARN]             [HytaleGenerator] Duplicate export name for asset: Volcanic1_Swamp_Bushes_Jungles_Pattern
[2026/05/22 01:09:20   WARN] [AssetStore|AssignmentsAsset] Unused key(s) in 'Runtime_Defect_0' file /Server/HytaleGenerator/Assignments/Dev/Runtime_Defect_0.json: Prop.BoxBlockType
[2026/05/22 01:09:20   INFO]             [HytaleGenerator] Exported Scanner asset with name 'Desert1_Oasis_Grasses_Scanner' with asset id 'null
[2026/05/22 01:09:20   WARN] [AssetStore|AssignmentsAsset] Unused key(s) in 'Desert1_Oasis_Grasses' file /Server/HytaleGenerator/Assignments/Desert1/Desert1_Oasis_Grasses.json: $Comments
[2026/05/22 01:09:20   WARN]             [HytaleGenerator] Duplicate export name for asset: Plains1_OakPattern_Floor_Grass
[2026/05/22 01:09:20   WARN] [AssetStore|AssignmentsAsset] Unused key(s) in 'Plains1_Mountains_Grasses' file /Server/HytaleGenerator/Assignments/Plains1/Plains1_Mountains_Grasses.json: FieldFunction.CacheSize
[2026/05/22 01:09:20   INFO]             [HytaleGenerator] Exported Scanner asset with name 'Desert1_Boulders_Scanner' with asset id 'null
[2026/05/22 01:09:20   WARN] [AssetStore|AssignmentsAsset] Unused key(s) in 'Desert1_Oasis_Boulders' file /Server/HytaleGenerator/Assignments/Desert1/Desert1_Oasis_Boulders.json: $Comments
[2026/05/22 01:09:20   WARN]             [HytaleGenerator] Duplicate export name for asset: Desert1_Boulders_Scanner
[2026/05/22 01:09:20   INFO]             [HytaleGenerator] Exported Scanner asset with name 'Desert1_Boulders_Scanner' with asset id 'null
[2026/05/22 01:09:20   INFO]             [HytaleGenerator] Exported Scanner asset with name 'Plains1_Gorges_Boulder_Scanner' with asset id 'null
[2026/05/22 01:09:20   WARN] [AssetStore|AssignmentsAsset] Unused key(s) in 'Desert1_Oasis_Flowers' file /Server/HytaleGenerator/Assignments/Desert1/Desert1_Oasis_Flowers.json: $Comments
[2026/05/22 01:09:20   WARN]             [HytaleGenerator] Duplicate export name for asset: Plains1_OakPattern_Floor_Grass
[2026/05/22 01:09:20   WARN] [AssetStore|AssignmentsAsset] Unused key(s) in 'Plains1_Oak_Bushes' file /Server/HytaleGenerator/Assignments/Plains1/Plains1_Oak_Bushes.json: FieldFunction.CacheSize
[2026/05/22 01:09:20   INFO]             [HytaleGenerator] Exported Scanner asset with name 'Plains1_Gorges_Tree_Scanner' with asset id 'null
[2026/05/22 01:09:20   WARN]             [HytaleGenerator] Duplicate export name for asset: Plains1_Sticks
[2026/05/22 01:09:20   WARN] [AssetStore|AssignmentsAsset] Unused key(s) in 'Taiga1_Rivers_Grasses' file /Server/HytaleGenerator/Assignments/Taiga1/Taiga1_Rivers_Grasses.json: $Comments
[2026/05/22 01:09:20   WARN]             [HytaleGenerator] Duplicate export name for asset: Plains1_OakPattern_Floor_Grass
[2026/05/22 01:09:20   INFO]             [HytaleGenerator] Exported Scanner asset with name 'Desert1_Palm_Scanner' with asset id 'null
[2026/05/22 01:09:20   INFO]             [HytaleGenerator] Exported Scanner asset with name 'Desert1_Oasis_Plants_2_Scanner' with asset id 'null
[2026/05/22 01:09:20   WARN] [AssetStore|AssignmentsAsset] Unused key(s) in 'Desert1_Oasis_Flowers_2' file /Server/HytaleGenerator/Assignments/Desert1/Desert1_Oasis_Flowers_2.json: $Comments
[2026/05/22 01:09:20   INFO]             [HytaleGenerator] Exported Scanner asset with name 'Desert1_Dry_Scanner' with asset id 'null
[2026/05/22 01:09:20   WARN] [AssetStore|AssignmentsAsset] Unused key(s) in 'Desert1_Oasis_Trees_Dry' file /Server/HytaleGenerator/Assignments/Desert1/Desert1_Oasis_Trees_Dry.json: $Comments
[2026/05/22 01:09:20   INFO]             [HytaleGenerator] Exported Scanner asset with name 'Desert1_Boab_Scanner' with asset id 'null
[2026/05/22 01:09:20   WARN] [AssetStore|CustomConnectedBlockTemplateAsset] Unused key(s) in 'DoorLargeConnectedBlockTemplate' file /Server/Item/CustomConnectedBlockTemplates/DoorLargeConnectedBlockTemplate.json: ConnectsToOtherTemplates
[2026/05/22 01:09:20   WARN] [AssetStore|CustomConnectedBlockTemplateAsset] Unused key(s) in 'RailsConnectedBlockTemplate' file /Server/Item/CustomConnectedBlockTemplates/RailsConnectedBlockTemplate.json: MaterialName
[2026/05/22 01:09:20   WARN]  [AssetStore|PrefabListAsset] Asset key 'Trees_Fir_red' for file '/Server/PrefabList/Trees_Fir_red.json' has incorrect format! Expected: 'Trees_Fir_Red'
[2026/05/22 01:09:20   WARN]  [AssetStore|PrefabListAsset] Asset key 'Trees_Ash_swamp_dead' for file '/Server/PrefabList/Trees_Ash_swamp_dead.json' has incorrect format! Expected: 'Trees_Ash_Swamp_Dead'
[2026/05/22 01:09:20   WARN]  [AssetStore|PrefabListAsset] Asset key 'Trees_Ash_twisted_Giant' for file '/Server/PrefabList/Trees_Ash_twisted_Giant.json' has incorrect format! Expected: 'Trees_Ash_Twisted_Giant'
[2026/05/22 01:09:20   WARN]  [AssetStore|PrefabListAsset] Asset key 'Trees_Ash_twisted' for file '/Server/PrefabList/Trees_Ash_twisted.json' has incorrect format! Expected: 'Trees_Ash_Twisted'
[2026/05/22 01:09:20   WARN]  [AssetStore|PrefabListAsset] Asset key 'Trees_Ash_swamp' for file '/Server/PrefabList/Trees_Ash_swamp.json' has incorrect format! Expected: 'Trees_Ash_Swamp'
[2026/05/22 01:09:20   WARN]  [AssetStore|PrefabListAsset] Asset key 'Trees_Burnt_dead' for file '/Server/PrefabList/Trees_Burnt_dead.json' has incorrect format! Expected: 'Trees_Burnt_Dead'
[2026/05/22 01:09:20   WARN]  [AssetStore|PrefabListAsset] Asset key 'Trees_Ash_twisted_Large' for file '/Server/PrefabList/Trees_Ash_twisted_Large.json' has incorrect format! Expected: 'Trees_Ash_Twisted_Large'
[2026/05/22 01:09:20   INFO]           [HytaleGenerator|P] Loaded Settings asset.
[2026/05/22 01:09:20   WARN]            [MacroCommandBase] Could not parse default argument value for argument: 'world' on Macro Command: 'settimeandgohome'.
server.commands.errors.noSuchWorld{name=com.hypixel.hytale.protocol.StringParamValue@bf4c6e40}
server.commands.errors.noSuchWorld{name=com.hypixel.hytale.protocol.StringParamValue@bf4c6e40}
[2026/05/22 01:09:20   WARN]   [AssetStore|ParticleSystem] Unused key(s) in 'Potion_Health_Implosion' file /Server/Particles/Status_Effect/Potion_Health/Potion_Health_Implosion.particlesystem: Spawners.0.Scale
[2026/05/22 01:09:20   WARN]   [AssetStore|ParticleSystem] Unused key(s) in 'Potion_Stamina_Burst' file /Server/Particles/Status_Effect/Potion_Stamina/Potion_Stamina_Burst.particlesystem: Spawners.0.Scale
[2026/05/22 01:09:20   WARN]   [AssetStore|ParticleSystem] Unused key(s) in 'Potion_Morph_Burst' file /Server/Particles/Status_Effect/Potion_Morph/Potion_Morph_Burst.particlesystem: Spawners.0.Scale
[2026/05/22 01:09:20   WARN] [AssetStore|ScriptedBrushAsset] Unused key(s) in 'FluidMaskExample' file /Server/ScriptedBrushes/Examples/FluidMaskExample.json: Description
[2026/05/22 01:09:20   WARN] [AssetStore|ScriptedBrushAsset] Unused key(s) in 'Walls-Floors' file /Server/ScriptedBrushes/Archive/Walls-Floors.json: Operations.0.Offset
[2026/05/22 01:09:20   WARN] [AssetStore|ScriptedBrushAsset] Asset key 'BoulderBrush_old' for file '/Server/ScriptedBrushes/Archive/BoulderBrush_old.json' has incorrect format! Expected: 'BoulderBrush_Old'
[2026/05/22 01:09:20   WARN] [AssetStore|ScriptedBrushAsset] Asset key 'templeFloor' for file '/Server/ScriptedBrushes/Archive/templeFloor.json' has incorrect format! Expected: 'TempleFloor'
[2026/05/22 01:09:20   WARN] [AssetStore|ScriptedBrushAsset] Asset key 'moltenBall' for file '/Server/ScriptedBrushes/Archive/moltenBall.json' has incorrect format! Expected: 'MoltenBall'
[2026/05/22 01:09:20   WARN] [AssetStore|ScriptedBrushAsset] Unused key(s) in 'ReplaceWaterExample' file /Server/ScriptedBrushes/Examples/ReplaceWaterExample.json: Description
[2026/05/22 01:09:20   WARN] [AssetStore|ScriptedBrushAsset] Asset key 'templeRandom' for file '/Server/ScriptedBrushes/Archive/templeRandom.json' has incorrect format! Expected: 'TempleRandom'
[2026/05/22 01:09:20   WARN] [AssetStore|ScriptedBrushAsset] Asset key 'templeDestruction' for file '/Server/ScriptedBrushes/Archive/templeDestruction.json' has incorrect format! Expected: 'TempleDestruction'
[2026/05/22 01:09:20   WARN] [AssetStore|ScriptedBrushAsset] Asset key 'MountainBrush_old' for file '/Server/ScriptedBrushes/Archive/MountainBrush_old.json' has incorrect format! Expected: 'MountainBrush_Old'
[2026/05/22 01:09:20   WARN] [AssetStore|ScriptedBrushAsset] Asset key 'keepDestruction' for file '/Server/ScriptedBrushes/Archive/keepDestruction.json' has incorrect format! Expected: 'KeepDestruction'
[2026/05/22 01:09:20   WARN] [AssetStore|ScriptedBrushAsset] Asset key 'templePillars' for file '/Server/ScriptedBrushes/Archive/templePillars.json' has incorrect format! Expected: 'TemplePillars'
[2026/05/22 01:09:20   WARN] [AssetStore|ScriptedBrushAsset] Asset key 'templeWalls' for file '/Server/ScriptedBrushes/Archive/templeWalls.json' has incorrect format! Expected: 'TempleWalls'
[2026/05/22 01:09:20   WARN] [AssetStore|WorldStructureAsset] Unused key(s) in 'Interpolation' file /Server/HytaleGenerator/WorldStructures/Dev/Interpolation.json: BiomeTransitions
[2026/05/22 01:09:20   WARN]                [HytaleGenerator] Duplicate export name for asset: Spawns
[2026/05/22 01:09:21   INFO]              [CollisionModule|P] Block extents for CollisionSystem is Max=3.0, Min=0.0
[2026/05/22 01:09:21   WARN]            [AssetStore|ModelVFX] Asset key 'test' for file '/Server/Entity/ModelVFX/test.json' has incorrect format! Expected: 'Test'
[2026/05/22 01:09:21   WARN]         [AssetStore|Environment] Asset key 'Env_Temple_of_Gaia' for file '/Server/Environments/Unique/Env_Temple_of_Gaia.json' has incorrect format! Expected: 'Env_Temple_Of_Gaia'
[2026/05/22 01:09:21   WARN]               [BlockSetModule|P] Creating block sets: Failed to find block name 'Furniture_Temple_Light_Statue'
[2026/05/22 01:09:21   WARN]               [BlockSetModule|P] Creating block sets: Failed to find block name 'Ingredient_Hay'
[2026/05/22 01:09:21   WARN]               [BlockSetModule|P] Creating block sets: Failed to find block name 'Wood_Softwood_Planks'
[2026/05/22 01:09:21   WARN]               [BlockSetModule|P] Creating block sets: Failed to find block name 'Furniture_Feran_Bed'
[2026/05/22 01:09:21   WARN]               [BlockSetModule|P] Creating block sets: Failed to find block name 'Coop_Chicken'
[2026/05/22 01:09:21   WARN]               [BlockSetModule|P] Creating block sets: Failed to find hitbox name 'Fence'
[2026/05/22 01:09:21   WARN]               [BlockSetModule|P] Creating block sets: Failed to find hitbox name 'Fence_Gate'
[2026/05/22 01:09:21   WARN]               [BlockSetModule|P] Creating block sets: Failed to find hitbox name 'Fence_Gate_Open_In'
[2026/05/22 01:09:21   WARN]               [BlockSetModule|P] Creating block sets: Failed to find hitbox name 'Fence_Gate_Open_Out'
[2026/05/22 01:09:21   WARN]               [BlockSetModule|P] Creating block sets: Failed to find hitbox name 'Fence_Thin'
[2026/05/22 01:09:21   WARN]               [BlockSetModule|P] Creating block sets: Failed to find hitbox name 'Fence_Thick'
[2026/05/22 01:09:21   WARN]               [BlockSetModule|P] Creating block sets: Failed to find hitbox name 'Fence_Corner'
[2026/05/22 01:09:21   WARN]               [BlockSetModule|P] Creating block sets: Failed to find hitbox name 'Fence_Corner_Thin'
[2026/05/22 01:09:21   WARN]               [BlockSetModule|P] Creating block sets: Failed to find hitbox name 'Fence_Corner_Thick'
[2026/05/22 01:09:21   WARN]               [BlockSetModule|P] Creating block sets: Failed to find block name 'Furniture_Crude_Bed'
[2026/05/22 01:09:21   WARN]               [BlockSetModule|P] Creating block sets: Failed to find block name 'Soil_Grass'
[2026/05/22 01:09:21   WARN]               [BlockSetModule|P] Creating block sets: Failed to find block name 'Soil_Dirt'
[2026/05/22 01:09:21   WARN]               [BlockSetModule|P] Creating block sets: Failed to find block name 'Soil_Dirt_Poisoned'
[2026/05/22 01:09:21   WARN]               [BlockSetModule|P] Creating block sets: Failed to find block name 'Soil_Mud'
[2026/05/22 01:09:21   WARN]               [BlockSetModule|P] Creating block sets: Failed to find block name 'Deco_Bone_Pile'
[2026/05/22 01:09:21   WARN]               [BlockSetModule|P] Creating block sets: Failed to find block name 'Deco_Bone_Skulls'
[2026/05/22 01:09:21   WARN]               [BlockSetModule|P] Creating block sets: Failed to find block name 'Soil_Gravel_Sand'
[2026/05/22 01:09:21   WARN]               [BlockSetModule|P] Creating block sets: Failed to find block name 'Soil_Dirt'
[2026/05/22 01:09:21   WARN]               [BlockSetModule|P] Creating block sets: Failed to find block name 'Soil_Clay'
[2026/05/22 01:09:21   WARN]               [BlockSetModule|P] Creating block sets: Failed to find block name 'Rock_Stone'
[2026/05/22 01:09:21   WARN]               [BlockSetModule|P] Creating block sets: Failed to find block name 'Rock_Marble'
[2026/05/22 01:09:21   WARN]               [BlockSetModule|P] Creating block sets: Failed to find block name 'Rock_Chalk'
[2026/05/22 01:09:21   WARN]               [BlockSetModule|P] Creating block sets: Failed to find block name 'Ingredient_Hay'
[2026/05/22 01:09:21   WARN]               [BlockSetModule|P] Creating block sets: Failed to find block name 'Bench_Trough'
[2026/05/22 01:09:21   WARN]        [AssetStore|EntityEffect] Unused key(s) in 'Food_EffectCondition_Buff_Small' file /Server/Entity/Effects/Food/Buff/_Deprecated/Food_EffectCondition_Buff_Small.json: Type, EntityEffectIds, Match, Next, Failed
[2026/05/22 01:09:21   WARN]        [AssetStore|EntityEffect] Unused key(s) in 'Food_EffectCondition_Buff_Medium' file /Server/Entity/Effects/Food/Buff/_Deprecated/Food_EffectCondition_Buff_Medium.json: Type, EntityEffectIds, Match, Next, Failed
[2026/05/22 01:09:21   WARN]         [AssetStore|Interaction] Unused key(s) in 'Ice_Bolt_Miss' file /Server/Item/Interactions/Weapons/Staff/Ice/Ice_Bolt_Miss.json: Effects.WorldParticles
[2026/05/22 01:09:21   WARN]         [AssetStore|Interaction] Unused key(s) in 'Explode_Generic' file /Server/Item/Interactions/Explosions/Explode_Generic.json: Config.Knockback.VelocityConfig.Direction
[2026/05/22 01:09:21   WARN]         [AssetStore|Interaction] Unused key(s) in 'Weapon_Battleaxe_Primary_Downstrike_Force' file /Server/Item/Interactions/Weapons/Battleaxe/Primary/Downstrike/Weapon_Battleaxe_Primary_Downstrike_Force.json: MouseSensitivityAdjustmentTarget, MouseSensitivityAdjustmentDuration
[2026/05/22 01:09:21   WARN]         [AssetStore|Interaction] Unused key(s) in 'Weapon_Daggers_Primary_Pounce_Stab_Force' file /Server/Item/Interactions/Weapons/Daggers/Primary/Pounce/Stab/Weapon_Daggers_Primary_Pounce_Stab_Force.json: VelocityType
[2026/05/22 01:09:21   WARN]         [AssetStore|Interaction] Unused key(s) in 'Ice_Ball_Miss' file /Server/Item/Interactions/Weapons/Staff/Ice/Ice_Ball_Miss.json: Effects.WorldParticles
[2026/05/22 01:09:21   WARN]                         [Hytale] Missing interaction *DamageEntityParent_Next
[2026/05/22 01:09:21   WARN]                         [Hytale] Missing interaction *Stamina_Bar_Flash_Interactions_0
[2026/05/22 01:09:21   WARN]                         [Hytale] Missing interaction *Stamina_Broken_Check_Next
[2026/05/22 01:09:21   WARN]                         [Hytale] Missing interaction *Block_Break_Adventure_Next
[2026/05/22 01:09:21   WARN]                         [Hytale] Missing interaction *Block_Break_Adventure_Failed
[2026/05/22 01:09:21   WARN]                         [Hytale] Missing interaction *Weapon_Battleaxe_Secondary_Guard_Bash_Interactions_0
[2026/05/22 01:09:21   WARN]                         [Hytale] Missing interaction *Weapon_Battleaxe_Secondary_Guard_Bash_Interactions_1
[2026/05/22 01:09:21   WARN]                         [Hytale] Missing interaction *Weapon_Shortbow_Secondary_Guard_Bash_Interactions_0
[2026/05/22 01:09:21   WARN]                         [Hytale] Missing interaction *Weapon_Shortbow_Secondary_Guard_Bash_Interactions_1
[2026/05/22 01:09:21   WARN]                         [Hytale] Missing interaction *Weapon_Crossbow_Secondary_Guard_Bash_Interactions_0
[2026/05/22 01:09:21   WARN]                         [Hytale] Missing interaction *Weapon_Crossbow_Secondary_Guard_Bash_Interactions_1
[2026/05/22 01:09:21   WARN]                         [Hytale] Missing interaction *Weapon_Crossbow_Shot_Standard_Projectile_Next
[2026/05/22 01:09:21   WARN]                         [Hytale] Missing interaction *Common_Guard_Shove_Animation_Next
[2026/05/22 01:09:21   WARN]                         [Hytale] Missing interaction *Weapon_Daggers_Secondary_Guard_Bash_Interactions_0
[2026/05/22 01:09:21   WARN]                         [Hytale] Missing interaction *Weapon_Daggers_Secondary_Guard_Bash_Interactions_1
[2026/05/22 01:09:21   WARN]                         [Hytale] Missing interaction *Bow_Two_Handed_Ability1_Arrow_Volley_Interactions_0
[2026/05/22 01:09:21   WARN]                         [Hytale] Missing interaction *Weapon_Shield_Secondary_Guard_Bash_Interactions_0
[2026/05/22 01:09:21   WARN]                         [Hytale] Missing interaction *Weapon_Shield_Secondary_Guard_Bash_Interactions_1
[2026/05/22 01:09:21   WARN]                         [Hytale] Missing interaction *Stick_Attack_Next_0
[2026/05/22 01:09:21   WARN]                         [Hytale] Missing interaction *Stick_Attack_Next_0.8
[2026/05/22 01:09:21   WARN]                         [Hytale] Missing interaction *Weapon_Mace_Secondary_Guard_Bash_Interactions_0
[2026/05/22 01:09:21   WARN]                         [Hytale] Missing interaction *Weapon_Mace_Secondary_Guard_Bash_Interactions_1
[2026/05/22 01:09:21   WARN]                         [Hytale] Missing interaction *Weapon_Sword_Secondary_Guard_Bash_Interactions_0
[2026/05/22 01:09:21   WARN]                         [Hytale] Missing interaction *Weapon_Sword_Secondary_Guard_Bash_Interactions_1
[2026/05/22 01:09:21   WARN]                         [Hytale] Missing interaction *Bow_Two_Handed_Ability2_Arrow_Shoot_Interactions_0
[2026/05/22 01:09:21   WARN]                         [Hytale] Missing interaction *Bow_Two_Handed_Ability2_Arrow_Shoot_Interactions_1
[2026/05/22 01:09:21   WARN]                         [Hytale] Missing interaction *Daggers_Stab_Flurry_Left_Next
[2026/05/22 01:09:21   WARN]                         [Hytale] Missing interaction *Daggers_Stab_Flurry_Right_Next
[2026/05/22 01:09:21   WARN]                         [Hytale] Missing interaction *Simple_Next
[2026/05/22 01:09:21   WARN]                         [Hytale] Missing interaction *Shortbow_Volley_Shoot_Inner_Next
[2026/05/22 01:09:21   WARN]         [AssetStore|Interaction] Unused key(s) in '*Weapon_Sword_Signature_Vortexstrike_Spin_Selector_Next': Next
[2026/05/22 01:09:21   WARN]         [AssetStore|Interaction] Unused key(s) in '*Weapon_Daggers_Primary_Pounce_Stab_Selector_Next': Next
[2026/05/22 01:09:21   WARN]                         [Hytale] Missing interaction **DamageEntityParent_Next_Interactions_0
[2026/05/22 01:09:21   WARN]                         [Hytale] Missing interaction **DamageEntityParent_Next_Interactions_1
[2026/05/22 01:09:21   WARN]                         [Hytale] Missing interaction **DamageEntityParent_Next_Interactions_2
[2026/05/22 01:09:21   WARN]                         [Hytale] Missing interaction **DamageEntityParent_Next_Interactions_3
[2026/05/22 01:09:21   WARN]                         [Hytale] Missing interaction **DamageEntityParent_Next_Interactions_4
[2026/05/22 01:09:21   WARN]                         [Hytale] Missing interaction **DamageEntityParent_Next_Interactions_5
[2026/05/22 01:09:21   WARN]                         [Hytale] Missing interaction **DamageEntityParent_Next_Interactions_6
[2026/05/22 01:09:21   WARN]                         [Hytale] Missing interaction **Bow_Two_Handed_Ability1_Arrow_Volley_Interactions_0_Interactions_0
[2026/05/22 01:09:21   WARN]                         [Hytale] Missing interaction **Bow_Two_Handed_Ability1_Arrow_Volley_Interactions_0_Interactions_1
[2026/05/22 01:09:21   WARN]                         [Hytale] Missing interaction **Weapon_Daggers_Secondary_Guard_Bash_Interactions_1_Next
[2026/05/22 01:09:21   WARN]                         [Hytale] Missing interaction **Weapon_Shortbow_Secondary_Guard_Bash_Interactions_1_Next
[2026/05/22 01:09:21   WARN]                         [Hytale] Missing interaction **Weapon_Sword_Secondary_Guard_Bash_Interactions_1_Next
[2026/05/22 01:09:21   WARN]                         [Hytale] Missing interaction **Weapon_Shield_Secondary_Guard_Bash_Interactions_1_Next
[2026/05/22 01:09:21   WARN]                         [Hytale] Missing interaction **Weapon_Crossbow_Secondary_Guard_Bash_Interactions_1_Next
[2026/05/22 01:09:21   WARN]                         [Hytale] Missing interaction **Weapon_Crossbow_Shot_Standard_Projectile_Next_Next
[2026/05/22 01:09:21   WARN]                         [Hytale] Missing interaction **Stick_Attack_Next_0_Interactions_1
[2026/05/22 01:09:21   WARN]                         [Hytale] Missing interaction **Stick_Attack_Next_0.8_Interactions_1
[2026/05/22 01:09:21   WARN]                         [Hytale] Missing interaction **Weapon_Mace_Secondary_Guard_Bash_Interactions_1_Next
[2026/05/22 01:09:21   WARN]                         [Hytale] Missing interaction **Weapon_Battleaxe_Secondary_Guard_Bash_Interactions_1_Next
[2026/05/22 01:09:21   WARN]                         [Hytale] Missing interaction **Weapon_Mace_Primary_Swing_Right_Charged_Selector_Next_Next
[2026/05/22 01:09:21   WARN]                         [Hytale] Missing interaction **Weapon_Mace_Primary_Swing_Left_Charged_StaminaCondition_Next_Next
[2026/05/22 01:09:21   WARN]                         [Hytale] Missing interaction **Block_Break_Failed_Next
[2026/05/22 01:09:21   WARN]                         [Hytale] Missing interaction **Weapon_Daggers_Primary_Pounce_Sweep_Next_Interactions_0
[2026/05/22 01:09:21   WARN]                         [Hytale] Missing interaction **Weapon_Daggers_Primary_Pounce_Sweep_Next_Interactions_1
[2026/05/22 01:09:21   WARN]                         [Hytale] Missing interaction **Common_Guard_Shove_Selector_Next_Next
[2026/05/22 01:09:21   WARN]                         [Hytale] Missing interaction **Weapon_Battleaxe_Primary_Downstrike_StaminaCondition_Next_Next
[2026/05/22 01:09:21   WARN]                         [Hytale] Missing interaction **Weapon_Mace_Primary_Swing_Up_Left_Charged_Selector_Next_Next
[2026/05/22 01:09:21   WARN]                         [Hytale] Missing interaction **Weapon_Crossbow_Damage_Combo_Projectile_Next_Next
[2026/05/22 01:09:21   WARN]                         [Hytale] Missing interaction **Consume_Charge_Food_T2_Inner_Next_2.5_Next
[2026/05/22 01:09:21   WARN]                         [Hytale] Missing interaction **Consume_Charge_Food_T1_Inner_Next_2.0_Next
[2026/05/22 01:09:21   WARN]                         [Hytale] Missing interaction **Weapon_Mace_Primary_Swing_Right_Charged_StaminaCondition_Next_Next
[2026/05/22 01:09:21   WARN]                         [Hytale] Missing interaction **Weapon_Daggers_Primary_Pounce_StaminaCondition_Next_Next
[2026/05/22 01:09:21   WARN]                         [Hytale] Missing interaction **Weapon_Daggers_Primary_Pounce_Stab_Next_Interactions_0
[2026/05/22 01:09:21   WARN]                         [Hytale] Missing interaction **Weapon_Daggers_Primary_Pounce_Stab_Next_Interactions_1
[2026/05/22 01:09:21   WARN]                         [Hytale] Missing interaction **Weapon_Stick_Fire_Spawn_Trap_Next_Interactions_0
[2026/05/22 01:09:21   WARN]                         [Hytale] Missing interaction **Weapon_Stick_Fire_Spawn_Trap_Next_Interactions_1
[2026/05/22 01:09:21   WARN]                         [Hytale] Missing interaction **Weapon_Stick_Fire_Spawn_Trap_Failed_Interactions_0
[2026/05/22 01:09:21   WARN]                         [Hytale] Missing interaction **Weapon_Mace_Primary_Swing_Left_Charged_Selector_Next_Next
[2026/05/22 01:09:21   WARN]                         [Hytale] Missing interaction **Consume_Charge_Durability_Interactions_1_Next_3.0
[2026/05/22 01:09:21   WARN]                         [Hytale] Missing interaction **Consume_Charge_Durability_Interactions_1_Failed
[2026/05/22 01:09:21   WARN]                         [Hytale] Missing interaction **Weapon_Mace_Primary_Swing_Up_Left_Charged_StaminaCondition_Next_Next
[2026/05/22 01:09:21   WARN]                         [Hytale] Missing interaction **Weapon_Sword_Primary_Thrust_StaminaCondition_Next_Next
[2026/05/22 01:09:21   WARN]                         [Hytale] Missing interaction **Consume_Charge_Food_T3_Inner_Next_3.0_Next
[2026/05/22 01:09:21   WARN]                         [Hytale] Missing interaction ***Bow_Two_Handed_Ability1_Arrow_Volley_Interactions_0_Interactions_1_Next
[2026/05/22 01:09:21   WARN]                         [Hytale] Missing interaction ***Common_Guard_Shove_Selector_Next_Next_Next
[2026/05/22 01:09:21   WARN]                         [Hytale] Missing interaction ***Weapon_Daggers_Secondary_Guard_Bash_Interactions_1_Next_Next
[2026/05/22 01:09:21   WARN]                         [Hytale] Missing interaction ***Consume_Charge_Food_T3_Inner_Next_3.0_Next_Interactions_0
[2026/05/22 01:09:21   WARN]                         [Hytale] Missing interaction ***Consume_Charge_Food_T3_Inner_Next_3.0_Next_Interactions_1
[2026/05/22 01:09:21   WARN]                         [Hytale] Missing interaction ***Consume_Charge_Food_T3_Inner_Next_3.0_Next_Interactions_2
[2026/05/22 01:09:21   WARN]                         [Hytale] Missing interaction ***Weapon_Shortbow_Secondary_Guard_Bash_Interactions_1_Next_Next
[2026/05/22 01:09:21   WARN]                         [Hytale] Missing interaction ***Weapon_Mace_Primary_Swing_Up_Left_Charged_StaminaCondition_Next_Next_Next_0
[2026/05/22 01:09:21   WARN]                         [Hytale] Missing interaction ***Weapon_Mace_Primary_Swing_Up_Left_Charged_Next_2.0_Interactions_2_Next
[2026/05/22 01:09:21   WARN]                         [Hytale] Missing interaction ***Weapon_Mace_Primary_Swing_Right_Charged_StaminaCondition_Next_Next_Next_0
[2026/05/22 01:09:21   WARN]                         [Hytale] Missing interaction ***Weapon_Mace_Primary_Swing_Right_Charged_Next_2.0_Interactions_2_Next
[2026/05/22 01:09:21   WARN]                         [Hytale] Missing interaction ***Weapon_Sword_Secondary_Guard_Bash_Interactions_1_Next_Next
[2026/05/22 01:09:21   WARN]                         [Hytale] Missing interaction ***Weapon_Shield_Secondary_Guard_Bash_Interactions_1_Next_Next
[2026/05/22 01:09:21   WARN]                         [Hytale] Missing interaction ***Consume_Charge_Food_T1_Inner_Next_2.0_Next_Interactions_0
[2026/05/22 01:09:21   WARN]                         [Hytale] Missing interaction ***Consume_Charge_Food_T1_Inner_Next_2.0_Next_Interactions_1
[2026/05/22 01:09:21   WARN]                         [Hytale] Missing interaction ***Consume_Charge_Food_T1_Inner_Next_2.0_Next_Interactions_2
[2026/05/22 01:09:21   WARN]                         [Hytale] Missing interaction ***Weapon_Mace_Primary_Swing_Left_Charged_StaminaCondition_Next_Next_Next_0
[2026/05/22 01:09:21   WARN]                         [Hytale] Missing interaction ***Weapon_Mace_Primary_Swing_Left_Charged_Next_2.0_Interactions_2_Next
[2026/05/22 01:09:21   WARN]                         [Hytale] Missing interaction ***Consume_Charge_Durability_Interactions_1_Next_3.0_Interactions_0
[2026/05/22 01:09:21   WARN]                         [Hytale] Missing interaction ***Consume_Charge_Durability_Interactions_1_Next_3.0_Interactions_1
[2026/05/22 01:09:21   WARN]                         [Hytale] Missing interaction ***Consume_Charge_Durability_Interactions_1_Next_3.0_Interactions_2
[2026/05/22 01:09:21   WARN]                         [Hytale] Missing interaction ***Consume_Charge_Durability_Interactions_1_Next_3.0_Interactions_3
[2026/05/22 01:09:21   WARN]                         [Hytale] Missing interaction ***Consume_Charge_Durability_Interactions_1_Failed_Next
[2026/05/22 01:09:21   WARN]                         [Hytale] Missing interaction ***Weapon_Crossbow_Secondary_Guard_Bash_Interactions_1_Next_Next
[2026/05/22 01:09:21   WARN]                         [Hytale] Missing interaction ***Weapon_Mace_Secondary_Guard_Bash_Interactions_1_Next_Next
[2026/05/22 01:09:21   WARN]                         [Hytale] Missing interaction ***Consume_Charge_Food_T2_Inner_Next_2.5_Next_Interactions_0
[2026/05/22 01:09:21   WARN]                         [Hytale] Missing interaction ***Consume_Charge_Food_T2_Inner_Next_2.5_Next_Interactions_1
[2026/05/22 01:09:21   WARN]                         [Hytale] Missing interaction ***Consume_Charge_Food_T2_Inner_Next_2.5_Next_Interactions_2
[2026/05/22 01:09:21   WARN]                         [Hytale] Missing interaction ***Weapon_Battleaxe_Secondary_Guard_Bash_Interactions_1_Next_Next
[2026/05/22 01:09:21   WARN]                         [Hytale] Missing interaction ***Weapon_Battleaxe_Primary_Downstrike_Next_0.65_Interactions_2_Next
[2026/05/22 01:09:21   WARN]                         [Hytale] Missing interaction ***Weapon_Daggers_Primary_Pounce_Next_0.4_Interactions_1_Next
[2026/05/22 01:09:21   WARN]                         [Hytale] Missing interaction ***Weapon_Sword_Primary_Thrust_Next_0.65_Interactions_2_Next
[2026/05/22 01:09:21   WARN]                         [Hytale] Missing interaction ****Bow_Two_Handed_Ability1_Arrow_Volley_Interactions_0_Interactions_1_Next_Interactions_1
[2026/05/22 01:09:21   WARN]                         [Hytale] Missing interaction ****Bow_Two_Handed_Ability1_Arrow_Volley_Interactions_0_Interactions_1_Next_Interactions_2
[2026/05/22 01:09:21   WARN]                         [Hytale] Missing interaction ****Weapon_Mace_Primary_Swing_Up_Left_Charged_StaminaCondition_Next_Next_Next_0_Next
[2026/05/22 01:09:21   WARN]                         [Hytale] Missing interaction ****Weapon_Mace_Primary_Swing_Up_Left_Charged_Next_2.0_Interactions_2_Next_Interactions_0
[2026/05/22 01:09:21   WARN]                         [Hytale] Missing interaction ****Weapon_Mace_Primary_Swing_Right_Charged_StaminaCondition_Next_Next_Next_0_Next
[2026/05/22 01:09:21   WARN]                         [Hytale] Missing interaction ****Weapon_Mace_Primary_Swing_Right_Charged_Next_2.0_Interactions_2_Next_Interactions_0
[2026/05/22 01:09:21   WARN]                         [Hytale] Missing interaction ****Weapon_Mace_Primary_Swing_Left_Charged_StaminaCondition_Next_Next_Next_0_Next
[2026/05/22 01:09:21   WARN]                         [Hytale] Missing interaction ****Weapon_Mace_Primary_Swing_Left_Charged_Next_2.0_Interactions_2_Next_Interactions_0
[2026/05/22 01:09:21   WARN]                         [Hytale] Missing interaction ****Weapon_Battleaxe_Primary_Downstrike_Next_0.65_Interactions_2_Next_Interactions_0
[2026/05/22 01:09:21   WARN]                         [Hytale] Missing interaction ****Weapon_Battleaxe_Primary_Downstrike_Next_0.65_Interactions_2_Next_Interactions_1
[2026/05/22 01:09:21   WARN]                         [Hytale] Missing interaction ****Weapon_Sword_Primary_Thrust_Next_0.65_Interactions_2_Next_Interactions_0
[2026/05/22 01:09:21   WARN]                         [Hytale] Missing interaction ****Weapon_Sword_Primary_Thrust_Next_0.65_Interactions_2_Next_Interactions_1
[2026/05/22 01:09:21   WARN]                         [Hytale] Missing interaction ****Weapon_Daggers_Primary_Pounce_Next_0.4_Interactions_1_Next_Interactions_0
[2026/05/22 01:09:21   WARN]                         [Hytale] Missing interaction ****Weapon_Daggers_Primary_Pounce_Next_0.4_Interactions_1_Next_Interactions_1
[2026/05/22 01:09:21   WARN]                         [Hytale] Missing interaction *****Bow_Two_Handed_Ability1_Arrow_Volley_Interactions_0_Interactions_1_Next_Interactions_2_Next
[2026/05/22 01:09:21   WARN]         [AssetStore|Interaction] Unused key(s) in '**Projectile_Config_Ice_Ball_Interactions_ProjectileMiss_Interactions_0': Effects.WorldParticles
[2026/05/22 01:09:21   WARN]         [AssetStore|Interaction] Unused key(s) in '**Projectile_Config_Scarak_Seeker_Spitball_Interactions_ProjectileMiss_Interactions_0': Effects.WorldParticles
[2026/05/22 01:09:21   WARN]         [AssetStore|Interaction] Unused key(s) in '**Projectile_Config_Ice_Bolt_Interactions_ProjectileMiss_Interactions_0': Effects.WorldParticles
[2026/05/22 01:09:21   WARN]         [AssetStore|Interaction] Unused key(s) in '**Projectile_Config_Scarak_Seeker_Spitball_Interactions_ProjectileHit_Interactions_0': Entity
[2026/05/22 01:09:21   WARN]               [BlockSetModule|P] Creating block sets: Failed to find block name 'Furniture_Temple_Light_Statue'
[2026/05/22 01:09:21   WARN]               [BlockSetModule|P] Creating block sets: Failed to find block name 'Ingredient_Hay'
[2026/05/22 01:09:21   WARN]               [BlockSetModule|P] Creating block sets: Failed to find block name 'Wood_Softwood_Planks'
[2026/05/22 01:09:21   WARN]               [BlockSetModule|P] Creating block sets: Failed to find block name 'Furniture_Feran_Bed'
[2026/05/22 01:09:21   WARN]               [BlockSetModule|P] Creating block sets: Failed to find block name 'Coop_Chicken'
[2026/05/22 01:09:21   WARN]               [BlockSetModule|P] Creating block sets: Failed to find hitbox name 'Fence'
[2026/05/22 01:09:21   WARN]               [BlockSetModule|P] Creating block sets: Failed to find hitbox name 'Fence_Gate'
[2026/05/22 01:09:21   WARN]               [BlockSetModule|P] Creating block sets: Failed to find hitbox name 'Fence_Gate_Open_In'
[2026/05/22 01:09:21   WARN]               [BlockSetModule|P] Creating block sets: Failed to find hitbox name 'Fence_Gate_Open_Out'
[2026/05/22 01:09:21   WARN]               [BlockSetModule|P] Creating block sets: Failed to find hitbox name 'Fence_Thin'
[2026/05/22 01:09:21   WARN]               [BlockSetModule|P] Creating block sets: Failed to find hitbox name 'Fence_Thick'
[2026/05/22 01:09:21   WARN]               [BlockSetModule|P] Creating block sets: Failed to find hitbox name 'Fence_Corner'
[2026/05/22 01:09:21   WARN]               [BlockSetModule|P] Creating block sets: Failed to find hitbox name 'Fence_Corner_Thin'
[2026/05/22 01:09:21   WARN]               [BlockSetModule|P] Creating block sets: Failed to find hitbox name 'Fence_Corner_Thick'
[2026/05/22 01:09:21   WARN]               [BlockSetModule|P] Creating block sets: Failed to find block name 'Furniture_Crude_Bed'
[2026/05/22 01:09:21   WARN]               [BlockSetModule|P] Creating block sets: Failed to find block name 'Soil_Grass'
[2026/05/22 01:09:21   WARN]               [BlockSetModule|P] Creating block sets: Failed to find block name 'Soil_Dirt'
[2026/05/22 01:09:21   WARN]               [BlockSetModule|P] Creating block sets: Failed to find block name 'Soil_Dirt_Poisoned'
[2026/05/22 01:09:21   WARN]               [BlockSetModule|P] Creating block sets: Failed to find block name 'Soil_Mud'
[2026/05/22 01:09:21   WARN]               [BlockSetModule|P] Creating block sets: Failed to find block name 'Deco_Bone_Pile'
[2026/05/22 01:09:21   WARN]               [BlockSetModule|P] Creating block sets: Failed to find block name 'Deco_Bone_Skulls'
[2026/05/22 01:09:21   WARN]               [BlockSetModule|P] Creating block sets: Failed to find block name 'Soil_Gravel_Sand'
[2026/05/22 01:09:21   WARN]               [BlockSetModule|P] Creating block sets: Failed to find block name 'Soil_Dirt'
[2026/05/22 01:09:21   WARN]               [BlockSetModule|P] Creating block sets: Failed to find block name 'Soil_Clay'
[2026/05/22 01:09:21   WARN]               [BlockSetModule|P] Creating block sets: Failed to find block name 'Rock_Stone'
[2026/05/22 01:09:21   WARN]               [BlockSetModule|P] Creating block sets: Failed to find block name 'Rock_Marble'
[2026/05/22 01:09:21   WARN]               [BlockSetModule|P] Creating block sets: Failed to find block name 'Rock_Chalk'
[2026/05/22 01:09:21   WARN]               [BlockSetModule|P] Creating block sets: Failed to find block name 'Ingredient_Hay'
[2026/05/22 01:09:21   WARN]               [BlockSetModule|P] Creating block sets: Failed to find block name 'Bench_Trough'
[2026/05/22 01:09:21   WARN]                [AssetStore|Item] Unused key(s) in 'Wood_Apple_Trunk_Half' file /Server/Item/Items/Wood/Apple/Wood_Apple_Trunk_Half.json: Recipe.BenchRequirement.0.Set
[2026/05/22 01:09:21   WARN]                [AssetStore|Item] Unused key(s) in 'Wood_Oak_Trunk_Half' file /Server/Item/Items/Wood/Oak/Wood_Oak_Trunk_Half.json: Recipe.BenchRequirement.0.Set
[2026/05/22 01:09:21   WARN]                [AssetStore|Item] Unused key(s) in 'EditorTool_LaserPointer' file /Server/Item/Items/EditorTool/EditorTool_LaserPointer.json: BuilderTool.BrushData
[2026/05/22 01:09:21   WARN]                [AssetStore|Item] Unused key(s) in 'Wood_Oak_Trunk_Stairs' file /Server/Item/Items/Wood/Oak/Wood_Oak_Trunk_Stairs.json: Recipe.BenchRequirement.0.Set
[2026/05/22 01:09:21   WARN]                [AssetStore|Item] Unused key(s) in 'Soil_Needles' file /Server/Item/Items/Soil/Soil_Needles.json: Recipe.BenchRequirement.0.Set
[2026/05/22 01:09:21   WARN]                [AssetStore|Item] Unused key(s) in 'Wood_Apple_Trunk_Stairs' file /Server/Item/Items/Wood/Apple/Wood_Apple_Trunk_Stairs.json: Recipe.BenchRequirement.0.Set
[2026/05/22 01:09:21   WARN]                [AssetStore|Item] Unused key(s) in 'Wood_Maple_Trunk_Stairs' file /Server/Item/Items/Wood/Maple/Wood_Maple_Trunk_Stairs.json: Recipe.BenchRequirement.0.Set
[2026/05/22 01:09:21   WARN]                [AssetStore|Item] Unused key(s) in 'Wood_Gumboab_Trunk_Stairs' file /Server/Item/Items/Wood/Gumboab/Wood_Gumboab_Trunk_Stairs.json: Recipe.BenchRequirement.0.Set
[2026/05/22 01:09:21   WARN]                [AssetStore|Item] Unused key(s) in 'Wood_Aspen_Trunk_Stairs' file /Server/Item/Items/Wood/Aspen/Wood_Aspen_Trunk_Stairs.json: Recipe.BenchRequirement.0.Set
[2026/05/22 01:09:21   WARN]                [AssetStore|Item] Unused key(s) in 'Wood_Birch_Trunk_Stairs' file /Server/Item/Items/Wood/Birch/Wood_Birch_Trunk_Stairs.json: Recipe.BenchRequirement.0.Set
[2026/05/22 01:09:21   WARN]                [AssetStore|Item] Unused key(s) in 'Wood_Fire_Trunk_Stairs' file /Server/Item/Items/Wood/Fire/Wood_Fire_Trunk_Stairs.json: Recipe.BenchRequirement.0.Set
[2026/05/22 01:09:21   WARN]                [AssetStore|Item] Unused key(s) in 'Wood_Ice_Trunk_Stairs' file /Server/Item/Items/Wood/Ice/Wood_Ice_Trunk_Stairs.json: Recipe.BenchRequirement.0.Set
[2026/05/22 01:09:21   WARN]                [AssetStore|Item] Unused key(s) in 'Wood_Stormbark_Trunk_Stairs' file /Server/Item/Items/Wood/Stormbark/Wood_Stormbark_Trunk_Stairs.json: Recipe.BenchRequirement.0.Set
[2026/05/22 01:09:21   WARN]                [AssetStore|Item] Unused key(s) in 'Wood_Burnt_Trunk_Stairs' file /Server/Item/Items/Wood/Burnt/Wood_Burnt_Trunk_Stairs.json: Recipe.BenchRequirement.0.Set
[2026/05/22 01:09:21   WARN]                [AssetStore|Item] Unused key(s) in 'Wood_Palo_Trunk_Stairs' file /Server/Item/Items/Wood/Palo/Wood_Palo_Trunk_Stairs.json: Recipe.BenchRequirement.0.Set
[2026/05/22 01:09:21   WARN]                [AssetStore|Item] Unused key(s) in 'Wood_Poisoned_Trunk_Stairs' file /Server/Item/Items/Wood/Poisoned/Wood_Poisoned_Trunk_Stairs.json: Recipe.BenchRequirement.0.Set
[2026/05/22 01:09:21   WARN]                [AssetStore|Item] Unused key(s) in 'Wood_Wisteria_Wild_Trunk_Stairs' file /Server/Item/Items/Wood/Wisteria/Wood_Wisteria_Wild_Trunk_Stairs.json: Recipe.BenchRequirement.0.Set
[2026/05/22 01:09:21   WARN]                [AssetStore|Item] Unused key(s) in 'Wood_Ash_Trunk_Stairs' file /Server/Item/Items/Wood/Ash/Wood_Ash_Trunk_Stairs.json: Recipe.BenchRequirement.0.Set
[2026/05/22 01:09:21   WARN]                [AssetStore|Item] Unused key(s) in 'Wood_Camphor_Trunk_Stairs' file /Server/Item/Items/Wood/Camphor/Wood_Camphor_Trunk_Stairs.json: Recipe.BenchRequirement.0.Set
[2026/05/22 01:09:21   WARN]                [AssetStore|Item] Unused key(s) in 'Wood_Crystal_Trunk_Stairs' file /Server/Item/Items/Wood/Crystal/Wood_Crystal_Trunk_Stairs.json: Recipe.BenchRequirement.0.Set
[2026/05/22 01:09:21   WARN]                [AssetStore|Item] Unused key(s) in 'Wood_Bamboo_Trunk_Stairs_Deco' file /Server/Item/Items/Wood/Bamboo/Wood_Bamboo_Trunk_Stairs_Deco.json: Recipe.BenchRequirement.0.Set
[2026/05/22 01:09:21   WARN]                [AssetStore|Item] Unused key(s) in 'Wood_Fig_Blue_Trunk_Stairs' file /Server/Item/Items/Wood/Fig_Blue/Wood_Fig_Blue_Trunk_Stairs.json: Recipe.BenchRequirement.0.Set
[2026/05/22 01:09:21   WARN]                [AssetStore|Item] Unused key(s) in 'Wood_Dry_Trunk_Stairs' file /Server/Item/Items/Wood/Dry/Wood_Dry_Trunk_Stairs.json: Recipe.BenchRequirement.0.Set
[2026/05/22 01:09:21   WARN]                [AssetStore|Item] Unused key(s) in 'Wood_Spiral_Trunk_Stairs' file /Server/Item/Items/Wood/Spiral/Wood_Spiral_Trunk_Stairs.json: Recipe.BenchRequirement.0.Set
[2026/05/22 01:09:21   WARN]                [AssetStore|Item] Unused key(s) in 'Wood_Cedar_Trunk_Stairs' file /Server/Item/Items/Wood/Cedar/Wood_Cedar_Trunk_Stairs.json: Recipe.BenchRequirement.0.Set
[2026/05/22 01:09:22   WARN]                [AssetStore|Item] Unused key(s) in 'Wood_Redwood_Trunk_Stairs' file /Server/Item/Items/Wood/Redwood/Wood_Redwood_Trunk_Stairs.json: Recipe.BenchRequirement.0.Set
[2026/05/22 01:09:22   WARN]                [AssetStore|Item] Unused key(s) in 'Wood_Amber_Trunk_Stairs' file /Server/Item/Items/Wood/Amber/Wood_Amber_Trunk_Stairs.json: Recipe.BenchRequirement.0.Set
[2026/05/22 01:09:22   WARN]                [AssetStore|Item] Unused key(s) in 'Wood_Fir_Trunk_Stairs' file /Server/Item/Items/Wood/Fir/Wood_Fir_Trunk_Stairs.json: Recipe.BenchRequirement.0.Set
[2026/05/22 01:09:22   WARN]                [AssetStore|Item] Unused key(s) in 'Wood_Petrified_Trunk_Stairs' file /Server/Item/Items/Wood/Petrified/Wood_Petrified_Trunk_Stairs.json: Recipe.BenchRequirement.0.Set
[2026/05/22 01:09:22   WARN]                [AssetStore|Item] Unused key(s) in 'Wood_Bottletree_Trunk_Stairs' file /Server/Item/Items/Wood/Bottletree/Wood_Bottletree_Trunk_Stairs.json: Recipe.BenchRequirement.0.Set
[2026/05/22 01:09:22   WARN]                [AssetStore|Item] Unused key(s) in 'Wood_Beech_Trunk_Stairs' file /Server/Item/Items/Wood/Beech/Wood_Beech_Trunk_Stairs.json: Recipe.BenchRequirement.0.Set
[2026/05/22 01:09:22   WARN]                [AssetStore|Item] Unused key(s) in 'Wood_Windwillow_Trunk_Stairs' file /Server/Item/Items/Wood/Windwillow/Wood_Windwillow_Trunk_Stairs.json: Recipe.BenchRequirement.0.Set
[2026/05/22 01:09:22   WARN]                [AssetStore|Item] Unused key(s) in 'Wood_Bamboo_Trunk_Stairs' file /Server/Item/Items/Wood/Bamboo/Wood_Bamboo_Trunk_Stairs.json: Recipe.BenchRequirement.0.Set
[2026/05/22 01:09:22   WARN]                [AssetStore|Item] Unused key(s) in 'Wood_Banyan_Trunk_Stairs' file /Server/Item/Items/Wood/Banyan/Wood_Banyan_Trunk_Stairs.json: Recipe.BenchRequirement.0.Set
[2026/05/22 01:09:22   WARN]                [AssetStore|Item] Unused key(s) in 'Wood_Azure_Trunk_Stairs' file /Server/Item/Items/Wood/Azure/Wood_Azure_Trunk_Stairs.json: Recipe.BenchRequirement.0.Set
[2026/05/22 01:09:22   WARN]                [AssetStore|Item] Unused key(s) in 'Wood_Palm_Trunk_Stairs' file /Server/Item/Items/Wood/Palm/Wood_Palm_Trunk_Stairs.json: Recipe.BenchRequirement.0.Set
[2026/05/22 01:09:22   WARN]                [AssetStore|Item] Unused key(s) in 'Wood_Sallow_Trunk_Stairs' file /Server/Item/Items/Wood/Sallow/Wood_Sallow_Trunk_Stairs.json: Recipe.BenchRequirement.0.Set
[2026/05/22 01:09:22   WARN]                [AssetStore|Item] Unused key(s) in 'Wood_Jungle_Trunk_Stairs' file /Server/Item/Items/Wood/Jungle/Wood_Jungle_Trunk_Stairs.json: Recipe.BenchRequirement.0.Set
[2026/05/22 01:09:22   WARN]                [AssetStore|Item] Unused key(s) in 'Wood_Bottletree_Trunk_Half' file /Server/Item/Items/Wood/Bottletree/Wood_Bottletree_Trunk_Half.json: Recipe.BenchRequirement.0.Set
[2026/05/22 01:09:22   WARN]                [AssetStore|Item] Unused key(s) in 'Wood_Jungle_Trunk_Half' file /Server/Item/Items/Wood/Jungle/Wood_Jungle_Trunk_Half.json: Recipe.BenchRequirement.0.Set
[2026/05/22 01:09:22   WARN]                [AssetStore|Item] Unused key(s) in 'Wood_Birch_Trunk_Half' file /Server/Item/Items/Wood/Birch/Wood_Birch_Trunk_Half.json: Recipe.BenchRequirement.0.Set
[2026/05/22 01:09:22   WARN]                [AssetStore|Item] Unused key(s) in 'Wood_Ash_Trunk_Half' file /Server/Item/Items/Wood/Ash/Wood_Ash_Trunk_Half.json: Recipe.BenchRequirement.0.Set
[2026/05/22 01:09:22   WARN]                [AssetStore|Item] Unused key(s) in 'Wood_Fire_Trunk_Half' file /Server/Item/Items/Wood/Fire/Wood_Fire_Trunk_Half.json: Recipe.BenchRequirement.0.Set
[2026/05/22 01:09:22   WARN]                [AssetStore|Item] Unused key(s) in 'Wood_Fir_Trunk_Half' file /Server/Item/Items/Wood/Fir/Wood_Fir_Trunk_Half.json: Recipe.BenchRequirement.0.Set
[2026/05/22 01:09:22   WARN]                [AssetStore|Item] Unused key(s) in 'Wood_Azure_Trunk_Half' file /Server/Item/Items/Wood/Azure/Wood_Azure_Trunk_Half.json: Recipe.BenchRequirement.0.Set
[2026/05/22 01:09:22   WARN]                [AssetStore|Item] Unused key(s) in 'Wood_Burnt_Trunk_Half' file /Server/Item/Items/Wood/Burnt/Wood_Burnt_Trunk_Half.json: Recipe.BenchRequirement.0.Set
[2026/05/22 01:09:22   WARN]                [AssetStore|Item] Unused key(s) in 'Wood_Palo_Trunk_Half' file /Server/Item/Items/Wood/Palo/Wood_Palo_Trunk_Half.json: Recipe.BenchRequirement.0.Set
[2026/05/22 01:09:22   WARN]                [AssetStore|Item] Unused key(s) in 'Wood_Wisteria_Wild_Trunk_Half' file /Server/Item/Items/Wood/Wisteria/Wood_Wisteria_Wild_Trunk_Half.json: Recipe.BenchRequirement.0.Set
[2026/05/22 01:09:22   WARN]                [AssetStore|Item] Unused key(s) in 'Wood_Banyan_Trunk_Half' file /Server/Item/Items/Wood/Banyan/Wood_Banyan_Trunk_Half.json: Recipe.BenchRequirement.0.Set
[2026/05/22 01:09:22   WARN]                [AssetStore|Item] Unused key(s) in 'Wood_Fig_Blue_Trunk_Half' file /Server/Item/Items/Wood/Fig_Blue/Wood_Fig_Blue_Trunk_Half.json: Recipe.BenchRequirement.0.Set
[2026/05/22 01:09:22   WARN]                [AssetStore|Item] Unused key(s) in 'Wood_Maple_Trunk_Half' file /Server/Item/Items/Wood/Maple/Wood_Maple_Trunk_Half.json: Recipe.BenchRequirement.0.Set
[2026/05/22 01:09:22   WARN]                [AssetStore|Item] Unused key(s) in 'Wood_Bamboo_Trunk_Half_Deco' file /Server/Item/Items/Wood/Bamboo/Wood_Bamboo_Trunk_Half_Deco.json: Recipe.BenchRequirement.0.Set
[2026/05/22 01:09:22   WARN]                [AssetStore|Item] Unused key(s) in 'Wood_Amber_Trunk_Half' file /Server/Item/Items/Wood/Amber/Wood_Amber_Trunk_Half.json: Recipe.BenchRequirement.0.Set
[2026/05/22 01:09:22   WARN]                [AssetStore|Item] Unused key(s) in 'Wood_Redwood_Trunk_Half' file /Server/Item/Items/Wood/Redwood/Wood_Redwood_Trunk_Half.json: Recipe.BenchRequirement.0.Set
[2026/05/22 01:09:22   WARN]                [AssetStore|Item] Unused key(s) in 'Wood_Cedar_Trunk_Half' file /Server/Item/Items/Wood/Cedar/Wood_Cedar_Trunk_Half.json: Recipe.BenchRequirement.0.Set
[2026/05/22 01:09:22   WARN]                [AssetStore|Item] Unused key(s) in 'Wood_Dry_Trunk_Half' file /Server/Item/Items/Wood/Dry/Wood_Dry_Trunk_Half.json: Recipe.BenchRequirement.0.Set
[2026/05/22 01:09:22   WARN]                [AssetStore|Item] Unused key(s) in 'Wood_Gumboab_Trunk_Half' file /Server/Item/Items/Wood/Gumboab/Wood_Gumboab_Trunk_Half.json: Recipe.BenchRequirement.0.Set
[2026/05/22 01:09:22   WARN]                [AssetStore|Item] Unused key(s) in 'Wood_Bamboo_Trunk_Half' file /Server/Item/Items/Wood/Bamboo/Wood_Bamboo_Trunk_Half.json: Recipe.BenchRequirement.0.Set
[2026/05/22 01:09:22   WARN]                [AssetStore|Item] Unused key(s) in 'Wood_Sallow_Trunk_Half' file /Server/Item/Items/Wood/Sallow/Wood_Sallow_Trunk_Half.json: Recipe.BenchRequirement.0.Set
[2026/05/22 01:09:22   WARN]                [AssetStore|Item] Unused key(s) in 'Wood_Spiral_Trunk_Half' file /Server/Item/Items/Wood/Spiral/Wood_Spiral_Trunk_Half.json: Recipe.BenchRequirement.0.Set
[2026/05/22 01:09:22   WARN]                [AssetStore|Item] Unused key(s) in 'Wood_Beech_Trunk_Half' file /Server/Item/Items/Wood/Beech/Wood_Beech_Trunk_Half.json: Recipe.BenchRequirement.0.Set
[2026/05/22 01:09:22   WARN]                [AssetStore|Item] Unused key(s) in 'Wood_Aspen_Trunk_Half' file /Server/Item/Items/Wood/Aspen/Wood_Aspen_Trunk_Half.json: Recipe.BenchRequirement.0.Set
[2026/05/22 01:09:22   WARN]                [AssetStore|Item] Unused key(s) in 'Wood_Petrified_Trunk_Half' file /Server/Item/Items/Wood/Petrified/Wood_Petrified_Trunk_Half.json: Recipe.BenchRequirement.0.Set
[2026/05/22 01:09:22   WARN]                [AssetStore|Item] Unused key(s) in 'Wood_Crystal_Trunk_Half' file /Server/Item/Items/Wood/Crystal/Wood_Crystal_Trunk_Half.json: Recipe.BenchRequirement.0.Set
[2026/05/22 01:09:22   WARN]                [AssetStore|Item] Unused key(s) in 'Wood_Stormbark_Trunk_Half' file /Server/Item/Items/Wood/Stormbark/Wood_Stormbark_Trunk_Half.json: Recipe.BenchRequirement.0.Set
[2026/05/22 01:09:22   WARN]                [AssetStore|Item] Unused key(s) in 'Wood_Camphor_Trunk_Half' file /Server/Item/Items/Wood/Camphor/Wood_Camphor_Trunk_Half.json: Recipe.BenchRequirement.0.Set
[2026/05/22 01:09:22   WARN]                [AssetStore|Item] Unused key(s) in 'Wood_Windwillow_Trunk_Half' file /Server/Item/Items/Wood/Windwillow/Wood_Windwillow_Trunk_Half.json: Recipe.BenchRequirement.0.Set
[2026/05/22 01:09:22   WARN]                [AssetStore|Item] Unused key(s) in 'Wood_Palm_Trunk_Half' file /Server/Item/Items/Wood/Palm/Wood_Palm_Trunk_Half.json: Recipe.BenchRequirement.0.Set
[2026/05/22 01:09:22   WARN]                [AssetStore|Item] Unused key(s) in 'Wood_Poisoned_Trunk_Half' file /Server/Item/Items/Wood/Poisoned/Wood_Poisoned_Trunk_Half.json: Recipe.BenchRequirement.0.Set
[2026/05/22 01:09:22   WARN]                [AssetStore|Item] Unused key(s) in 'Wood_Ice_Trunk_Half' file /Server/Item/Items/Wood/Ice/Wood_Ice_Trunk_Half.json: Recipe.BenchRequirement.0.Set
[2026/05/22 01:09:22   WARN]           [AssetStore|BlockType] Unused key(s) in 'Coop_Chicken': State.Id
[2026/05/22 01:09:22   WARN]           [AssetStore|BlockType] Unused key(s) in 'Soil_Dirt_Tilled': State.Id
[2026/05/22 01:09:22   WARN]           [AssetStore|BlockType] Unused key(s) in '*Prototype_Geyser_State_Definitions_Off': SoundEventId
[2026/05/22 01:09:22   WARN]           [AssetStore|BlockType] Unused key(s) in '*Prototype_Geyser_State_Definitions_On': SoundEventId
[2026/05/22 01:09:22   WARN]         [AssetStore|Interaction] Unused key(s) in '***Teleporter_State_Definitions_Active_Interactions_Use_Interactions_0': Page.ActiveState, Page.WarpNameWordList
[2026/05/22 01:09:22   WARN]         [AssetStore|Interaction] Unused key(s) in '**Portal_Device_Interactions_Use_Interactions_0': Page.Config.GameplayConfig
[2026/05/22 01:09:22   WARN]         [AssetStore|Interaction] Unused key(s) in '**Teleporter_Interactions_Use_Interactions_0': Page.ActiveState, Page.WarpNameWordList
[2026/05/22 01:09:22   WARN]         [AssetStore|Interaction] Unused key(s) in '**Template_Weapon_Crossbow_InteractionVars_Guard_Bash_Interactions_1': Effects, StatModifiers
[2026/05/22 01:09:22   WARN]         [AssetStore|Interaction] Unused key(s) in '**Tool_Sickle_Copper_InteractionVars_Swing_Left_Effect_Interactions_0': WorldSoundEventId
[2026/05/22 01:09:22   WARN]         [AssetStore|Interaction] Unused key(s) in '**Weapon_Staff_Iron_InteractionVars_Staff_Cast_Summon_Charged_Interactions_0': Costs
[2026/05/22 01:09:22   WARN]         [AssetStore|Interaction] Unused key(s) in '**Weapon_Staff_Bone_InteractionVars_Staff_Cast_Summon_Charged_Interactions_0': Costs
[2026/05/22 01:09:22   WARN]         [AssetStore|Interaction] Unused key(s) in '**Weapon_Staff_Wood_InteractionVars_Staff_Cast_Summon_Charged_Interactions_0': Costs
[2026/05/22 01:09:22   WARN]         [AssetStore|Interaction] Unused key(s) in '**Template_Weapon_Shield_InteractionVars_Guard_Bash_Interactions_1': Effects, StatModifiers
[2026/05/22 01:09:22   WARN]         [AssetStore|Interaction] Unused key(s) in '**Tool_Sickle_Steel_Rusty_InteractionVars_Swing_Left_Effect_Interactions_0': WorldSoundEventId
[2026/05/22 01:09:22   WARN]         [AssetStore|Interaction] Unused key(s) in '**Weapon_Staff_Cobalt_InteractionVars_Staff_Cast_Summon_Charged_Interactions_0': Costs
[2026/05/22 01:09:22   WARN]         [AssetStore|Interaction] Unused key(s) in '**Tool_Sickle_Crude_InteractionVars_Swing_Right_Effect_Interactions_0': WorldSoundEventId
[2026/05/22 01:09:22   WARN]         [AssetStore|Interaction] Unused key(s) in '**Tool_Sickle_Steel_Rusty_InteractionVars_Swing_Right_Effect_Interactions_0': WorldSoundEventId
[2026/05/22 01:09:22   WARN]         [AssetStore|Interaction] Unused key(s) in '**Weapon_Staff_Mithril_InteractionVars_Staff_Cast_Summon_Charged_Interactions_0': Costs
[2026/05/22 01:09:22   WARN]         [AssetStore|Interaction] Unused key(s) in '**Weapon_Staff_Bo_Bamboo_InteractionVars_Staff_Cast_Summon_Charged_Interactions_0': Costs
[2026/05/22 01:09:22   WARN]         [AssetStore|Interaction] Unused key(s) in '**Weapon_Staff_Wood_Rotten_InteractionVars_Staff_Cast_Summon_Charged_Interactions_0': Costs
[2026/05/22 01:09:22   WARN]         [AssetStore|Interaction] Unused key(s) in '**Weapon_Staff_Frost_InteractionVars_Staff_Cast_Summon_Charged_Interactions_0': Costs
[2026/05/22 01:09:22   WARN]         [AssetStore|Interaction] Unused key(s) in '**Template_Weapon_Shortbow_InteractionVars_Guard_Bash_Interactions_1': Effects, StatModifiers
[2026/05/22 01:09:22   WARN]         [AssetStore|Interaction] Unused key(s) in '**Weapon_Staff_Crystal_Red_InteractionVars_Staff_Cast_Summon_Charged_Interactions_0': Costs
[2026/05/22 01:09:22   WARN]         [AssetStore|Interaction] Unused key(s) in '**Weapon_Staff_Wizard_InteractionVars_Staff_Cast_Summon_Charged_Interactions_0': Costs
[2026/05/22 01:09:22   WARN]         [AssetStore|Interaction] Unused key(s) in '**Tool_Sickle_Copper_InteractionVars_Swing_Right_Effect_Interactions_0': WorldSoundEventId
[2026/05/22 01:09:22   WARN]         [AssetStore|Interaction] Unused key(s) in '**Weapon_Staff_Crystal_Flame_InteractionVars_Fireball_Impact_2_Interactions_0': EntityStatsOnHit
[2026/05/22 01:09:22   WARN]         [AssetStore|Interaction] Unused key(s) in '**Weapon_Shield_Copper_InteractionVars_Guard_Bash_Interactions_0': Effects, StatModifiers
[2026/05/22 01:09:22   WARN]         [AssetStore|Interaction] Unused key(s) in '**Weapon_Staff_Crystal_Flame_InteractionVars_Fireball_Impact_3_Interactions_0': EntityStatsOnHit
[2026/05/22 01:09:22   WARN]         [AssetStore|Interaction] Unused key(s) in '**Tool_Sickle_Iron_InteractionVars_Swing_Right_Effect_Interactions_0': WorldSoundEventId
[2026/05/22 01:09:22   WARN]         [AssetStore|Interaction] Unused key(s) in '**Tool_Sickle_Iron_InteractionVars_Swing_Left_Effect_Interactions_0': WorldSoundEventId
[2026/05/22 01:09:22   WARN]         [AssetStore|Interaction] Unused key(s) in '**Weapon_Staff_Cane_InteractionVars_Staff_Cast_Summon_Charged_Interactions_0': Costs
[2026/05/22 01:09:22   WARN]         [AssetStore|Interaction] Unused key(s) in '**Weapon_Staff_Copper_InteractionVars_Staff_Cast_Summon_Charged_Interactions_0': Costs
[2026/05/22 01:09:22   WARN]         [AssetStore|Interaction] Unused key(s) in '**Weapon_Staff_Onion_InteractionVars_Staff_Cast_Summon_Charged_Interactions_0': Costs
[2026/05/22 01:09:22   WARN]         [AssetStore|Interaction] Unused key(s) in '**Halloween_Broomstick_InteractionVars_Staff_Cast_Summon_Charged_Interactions_0': Costs
[2026/05/22 01:09:22   WARN]         [AssetStore|Interaction] Unused key(s) in '**Weapon_Staff_Doomed_InteractionVars_Staff_Cast_Summon_Charged_Interactions_0': Costs
[2026/05/22 01:09:22   WARN]         [AssetStore|Interaction] Unused key(s) in '**Weapon_Staff_Adamantite_InteractionVars_Staff_Cast_Summon_Charged_Interactions_0': Costs
[2026/05/22 01:09:22   WARN]         [AssetStore|Interaction] Unused key(s) in '**Weapon_Staff_Wood_Kweebec_InteractionVars_Staff_Cast_Summon_Charged_Interactions_0': Costs
[2026/05/22 01:09:22   WARN]         [AssetStore|Interaction] Unused key(s) in '**Weapon_Staff_Crystal_Purple_InteractionVars_Staff_Cast_Summon_Charged_Interactions_0': Costs
[2026/05/22 01:09:22   WARN]         [AssetStore|Interaction] Unused key(s) in '**Tool_Sickle_Crude_InteractionVars_Swing_Left_Effect_Interactions_0': WorldSoundEventId
[2026/05/22 01:09:22   WARN]         [AssetStore|Interaction] Unused key(s) in '**Weapon_Staff_Crystal_Fire_Trork_InteractionVars_Staff_Cast_Summon_Charged_Interactions_0': Costs
[2026/05/22 01:09:22   WARN]         [AssetStore|Interaction] Unused key(s) in '**Weapon_Staff_Bronze_InteractionVars_Staff_Cast_Summon_Charged_Interactions_0': Costs
[2026/05/22 01:09:22   WARN]         [AssetStore|Interaction] Unused key(s) in '**Weapon_Staff_Onyxium_InteractionVars_Staff_Cast_Summon_Charged_Interactions_0': Costs
[2026/05/22 01:09:22   WARN]         [AssetStore|Interaction] Unused key(s) in '**Weapon_Staff_Bo_Wood_InteractionVars_Staff_Cast_Summon_Charged_Interactions_0': Costs
[2026/05/22 01:09:22   WARN]         [AssetStore|Interaction] Unused key(s) in '**Soil_Quartzite_Gravel_Half_Interactions_Secondary_Interactions_0': Categories, Set
[2026/05/22 01:09:22   WARN]         [AssetStore|Interaction] Unused key(s) in '**Weapon_Staff_Thorium_InteractionVars_Staff_Cast_Summon_Charged_Interactions_0': Costs
[2026/05/22 01:09:22   WARN]         [AssetStore|Interaction] Unused key(s) in '***Plant_Crop_Mushroom_Glowing_Green_Interactions_Secondary_Interactions_0_Next': Effects
[2026/05/22 01:09:22   WARN]         [AssetStore|Interaction] Unused key(s) in '***Plant_Crop_Mushroom_Glowing_Red_Interactions_Secondary_Interactions_0_Next': Effects
[2026/05/22 01:09:22   WARN]         [AssetStore|Interaction] Unused key(s) in '***Plant_Crop_Mushroom_Glowing_Violet_Interactions_Secondary_Interactions_0_Next': Effects
[2026/05/22 01:09:22   WARN]         [AssetStore|Interaction] Unused key(s) in '***Plant_Crop_Mushroom_Glowing_Orange_Interactions_Secondary_Interactions_0_Next': Effects
[2026/05/22 01:09:22   WARN]         [AssetStore|Interaction] Unused key(s) in '***Plant_Crop_Mushroom_Glowing_Blue_Interactions_Secondary_Interactions_0_Next': Effects
[2026/05/22 01:09:22   WARN]         [AssetStore|Interaction] Unused key(s) in '***Plant_Crop_Mushroom_Glowing_Purple_Interactions_Secondary_Interactions_0_Next': Effects
[2026/05/22 01:09:23   WARN]      [AssetStore|GameplayConfig] Unused key(s) in 'Default' file /Server/GameplayConfigs/Default.json: Ping
[2026/05/22 01:09:23   WARN]      [AssetStore|GameplayConfig] Unused key(s) in 'Default_Instance' file /Server/GameplayConfigs/Default_Instance.json: Death.LoseItems
[2026/05/22 01:09:23   INFO]            [AssetRegistryLoader] Took 3sec 151ms 913us 900ns to load all assets
[2026/05/22 01:09:23   INFO]                         [Hytale] Loading assets from: /Server
[2026/05/22 01:09:23   INFO]            [AssetRegistryLoader] Loading assets from /Server
[2026/05/22 01:09:23   WARN]        [AssetStore|EntityEffect] Unused key(s) in 'MOTM_Aero_Scream_Impact' file /Server/Entity/Effects/MOTM/MOTM_Aero_Scream_Impact.json: WorldSoundEventId
[2026/05/22 01:09:23   WARN]        [AssetStore|EntityEffect] Unused key(s) in 'MOTM_Aero_Scream_Cast' file /Server/Entity/Effects/MOTM/MOTM_Aero_Scream_Cast.json: WorldSoundEventId
[2026/05/22 01:09:23   WARN]        [AssetStore|EntityEffect] Unused key(s) in 'MOTM_Terra_Quake_Cast' file /Server/Entity/Effects/MOTM/MOTM_Terra_Quake_Cast.json: WorldSoundEventId
[2026/05/22 01:09:23   WARN]        [AssetStore|EntityEffect] Unused key(s) in 'MOTM_Terra_Quake_Impact' file /Server/Entity/Effects/MOTM/MOTM_Terra_Quake_Impact.json: WorldSoundEventId
[2026/05/22 01:09:23   WARN]        [AssetStore|EntityEffect] Unused key(s) in 'MOTM_Terra_Quake_Loop' file /Server/Entity/Effects/MOTM/MOTM_Terra_Quake_Loop.json: WorldSoundEventId
[2026/05/22 01:09:23   WARN]        [AssetStore|EntityEffect] Unused key(s) in 'MOTM_Terra_Sinkhole_Buried' file /Server/Entity/Effects/MOTM/MOTM_Terra_Sinkhole_Buried.json: WorldSoundEventId
[2026/05/22 01:09:23   INFO]            [AssetRegistryLoader] Took 13ms 683us 500ns to load all assets
[2026/05/22 01:09:23   INFO]                         [Hytale] Loading NPC assets phase...
[2026/05/22 01:09:23   INFO]                          [NPC|P] Starting to load NPC builders!
[2026/05/22 01:09:23   WARN]                          [NPC|P] Replacing asset 'Test_Patrol_Path' of file '/Server/NPC/Roles/_Core/Tests_Development/Test_Patrol_Path.json' with other file '/Server/NPC/Roles/_Core/Tests/Paths/Test_Patrol_Path.json'
[2026/05/22 01:09:24   INFO]                          [NPC|P] Validating loaded NPC configurations...
[2026/05/22 01:09:24   WARN]                          [NPC|P] Animation Eat does not exist for model Trillodon!
[2026/05/22 01:09:24   WARN]                          [NPC|P] Animation Eat does not exist for model Hatworm!
[2026/05/22 01:09:24   WARN]                          [NPC|P] Animation Sleep does not exist for model Slug_Magma!
[2026/05/22 01:09:24   WARN]                          [NPC|P] Animation Alerted does not exist for model Slug_Magma!
[2026/05/22 01:09:24   WARN]                          [NPC|P] Animation Laydown does not exist for model Slug_Magma!
[2026/05/22 01:09:24   WARN]                          [NPC|P] Animation Wake does not exist for model Slug_Magma!
[2026/05/22 01:09:24   WARN]                          [NPC|P] Animation Sleep does not exist for model Wraith_Lantern!
[2026/05/22 01:09:24   WARN]                          [NPC|P] Animation Alerted does not exist for model Wraith_Lantern!
[2026/05/22 01:09:24   WARN]                          [NPC|P] Animation Laydown does not exist for model Wraith_Lantern!
[2026/05/22 01:09:24   WARN]                          [NPC|P] Animation Wake does not exist for model Wraith_Lantern!
[2026/05/22 01:09:24   WARN]                          [NPC|P] Animation Eat does not exist for model Lizard_Sand!
[2026/05/22 01:09:24   WARN]                          [NPC|P] Animation Alerted does not exist for model Scarak_Broodmother!
[2026/05/22 01:09:24   WARN]                          [NPC|P] Animation Swipe does not exist for model Goblin_Ogre!
[2026/05/22 01:09:24   WARN]                          [NPC|P] Animation Throw does not exist for model Goblin_Ogre!
[2026/05/22 01:09:24   WARN]                          [NPC|P] Animation Alerted does not exist for model Scarak_Broodmother!
[2026/05/22 01:09:24   WARN]                          [NPC|P] Animation Moo does not exist for model Bison_Calf!
[2026/05/22 01:09:24   WARN]                          [NPC|P] Animation Alerted does not exist for model Kweebec_Rootling!
[2026/05/22 01:09:25   WARN]                          [NPC|P] Animation Alerted does not exist for model Scarak_Broodmother!
[2026/05/22 01:09:25   WARN]                          [NPC|P] Animation Eat does not exist for model Spark_Living!
[2026/05/22 01:09:25   WARN]                          [NPC|P] Animation Idle does not exist for model Tuluk_Fisherman!
[2026/05/22 01:09:25   WARN]                          [NPC|P] Animation Swipe does not exist for model Goblin!
[2026/05/22 01:09:25   INFO]                          [NPC|P] Validation complete.
[2026/05/22 01:09:25   INFO]                          [NPC|P] Loaded 950 NPC configurations, Test: 247, Component: 144, Abstract: 53, Variant: 456, Generic: 52
[2026/05/22 01:09:25   INFO]                          [NPC|P] Starting to load NPC builders!
[2026/05/22 01:09:25   INFO]                          [NPC|P] Validating loaded NPC configurations...
[2026/05/22 01:09:25   WARN]                          [NPC|P] Animation Eat does not exist for model Trillodon!
[2026/05/22 01:09:25   WARN]                          [NPC|P] Animation Eat does not exist for model Hatworm!
[2026/05/22 01:09:25   WARN]                          [NPC|P] Animation Sleep does not exist for model Slug_Magma!
[2026/05/22 01:09:25   WARN]                          [NPC|P] Animation Alerted does not exist for model Slug_Magma!
[2026/05/22 01:09:25   WARN]                          [NPC|P] Animation Laydown does not exist for model Slug_Magma!
[2026/05/22 01:09:25   WARN]                          [NPC|P] Animation Wake does not exist for model Slug_Magma!
[2026/05/22 01:09:25   WARN]                          [NPC|P] Animation Sleep does not exist for model Wraith_Lantern!
[2026/05/22 01:09:25   WARN]                          [NPC|P] Animation Alerted does not exist for model Wraith_Lantern!
[2026/05/22 01:09:25   WARN]                          [NPC|P] Animation Laydown does not exist for model Wraith_Lantern!
[2026/05/22 01:09:25   WARN]                          [NPC|P] Animation Wake does not exist for model Wraith_Lantern!
[2026/05/22 01:09:25   WARN]                          [NPC|P] Animation Eat does not exist for model Lizard_Sand!
[2026/05/22 01:09:25   WARN]                          [NPC|P] Animation Alerted does not exist for model Scarak_Broodmother!
[2026/05/22 01:09:25   WARN]                          [NPC|P] Animation Swipe does not exist for model Goblin_Ogre!
[2026/05/22 01:09:25   WARN]                          [NPC|P] Animation Throw does not exist for model Goblin_Ogre!
[2026/05/22 01:09:25   WARN]                          [NPC|P] Animation Alerted does not exist for model Scarak_Broodmother!
[2026/05/22 01:09:25   WARN]                          [NPC|P] Animation Moo does not exist for model Bison_Calf!
[2026/05/22 01:09:25   WARN]                          [NPC|P] Animation Alerted does not exist for model Kweebec_Rootling!
[2026/05/22 01:09:25   WARN]                          [NPC|P] Animation Alerted does not exist for model Scarak_Broodmother!
[2026/05/22 01:09:25   WARN]                          [NPC|P] Animation Eat does not exist for model Spark_Living!
[2026/05/22 01:09:25   WARN]                          [NPC|P] Animation Idle does not exist for model Tuluk_Fisherman!
[2026/05/22 01:09:25   WARN]                          [NPC|P] Animation Swipe does not exist for model Goblin!
[2026/05/22 01:09:25   INFO]                          [NPC|P] Validation complete.
[2026/05/22 01:09:25   INFO]                          [NPC|P] Loaded 950 NPC configurations
[2026/05/22 01:09:25   INFO]                         [Hytale] Loading NPC assets phase completed! Boot time 10sec 818ms 518us 400ns, Took 2sec 55ms 49us 900ns
[2026/05/22 01:09:25   INFO]                         [Hytale] Validating Spawn assets phase...
[2026/05/22 01:09:25   INFO]                         [Hytale] Spawn assets validation phase completed! Boot time 10sec 819ms 616us 500ns, Took 999us 200ns
[2026/05/22 01:09:25   INFO]                   [I18nModule|P] Loaded 8924 entries for 'uk-UA' from /Server/Languages
[2026/05/22 01:09:25   INFO]                   [I18nModule|P] Loaded 7415 entries for 'ru-RU' from /Server/Languages
[2026/05/22 01:09:25   INFO]                   [I18nModule|P] Loaded 8924 entries for 'pt-BR' from /Server/Languages
[2026/05/22 01:09:25   INFO]                   [I18nModule|P] Loaded 9188 entries for 'en-US' from /Server/Languages
[2026/05/22 01:09:25   INFO]                   [I18nModule|P] Loaded 51 entries from /Server/Languages/fallback.lang
-=|Setup|0.0
[2026/05/22 01:09:25   INFO]                   [HytaleServer] Starting plugin manager...
-=|Starting|1.0
[2026/05/22 01:09:25   INFO]                  [PluginManager] Enabled plugin Hytale:WorldLocationCondition
-=|Starting|2.0
[2026/05/22 01:09:25   INFO]                  [PluginManager] Enabled plugin Hytale:ServerManager
-=|Starting|4.0
[2026/05/22 01:09:25   INFO]                  [PluginManager] Enabled plugin Hytale:SprintForce
-=|Starting|5.0
[2026/05/22 01:09:25   INFO]                  [PluginManager] Enabled plugin Hytale:MigrationModule
-=|Starting|6.0
[2026/05/22 01:09:25   INFO]                  [PluginManager] Enabled plugin Hytale:AssetModule
-=|Starting|7.000000000000001
[2026/05/22 01:09:25   INFO]                  [PluginManager] Enabled plugin Hytale:ConsoleModule
-=|Starting|8.0
[2026/05/22 01:09:25   INFO]                  [PluginManager] Enabled plugin Hytale:TimeModule
-=|Starting|9.0
[2026/05/22 01:09:25   INFO]                  [PluginManager] Enabled plugin Hytale:CollisionModule
-=|Starting|11.0
[2026/05/22 01:09:25   INFO]                  [PluginManager] Enabled plugin Hytale:DebugPlugin
-=|Starting|12.0
[2026/05/22 01:09:25   INFO]                  [PluginManager] Enabled plugin Hytale:SplitVelocity
-=|Starting|13.0
[2026/05/22 01:09:25   INFO]                  [PluginManager] Enabled plugin Hytale:Model
-=|Starting|14.000000000000002
[2026/05/22 01:09:25   INFO]                  [PluginManager] Enabled plugin Hytale:CrouchSlide
[2026/05/22 01:09:25   INFO]                [ServerManager|P] Listening on /127.0.0.1:50563 and took 2ms 664us 300ns
[2026/05/22 01:09:25   INFO]                [ServerManager|P] Listening on /[0:0:0:0:0:0:0:1]:50563 and took 889us 200ns
[2026/05/22 01:09:25   INFO]                  [World|default] Loading world 'default' with generator type: 'HytaleWorldGenProvider{name='Default', version=0.0.0, path='null'}' and chunk storage: 'DefaultChunkStorageProvider{DEFAULT=IndexedStorageChunkStorageProvider{}}'...
[2026/05/22 01:09:25   INFO] [World|instance-CreativeHub-5e1ff7e4-a84b-44a1-866d-7b9ea8c1f327] Loading world 'instance-CreativeHub-5e1ff7e4-a84b-44a1-866d-7b9ea8c1f327' with generator type: 'HytaleWorldGenProvider{name='Instance_Creative_Hub', version=0.0.0, path='null'}' and chunk storage: 'DefaultChunkStorageProvider{DEFAULT=IndexedStorageChunkStorageProvider{}}'...
[2026/05/22 01:09:25   INFO]            [World|default_world] Loading world 'default_world' with generator type: 'HytaleWorldGenProvider{name='Default', version=0.0.0, path='null'}' and chunk storage: 'DefaultChunkStorageProvider{DEFAULT=IndexedStorageChunkStorageProvider{}}'...
[2026/05/22 01:09:25   INFO] [World|instance-CreativeHub-471293ca-c08a-4913-a5cb-15557ebc4705] Loading world 'instance-CreativeHub-471293ca-c08a-4913-a5cb-15557ebc4705' with generator type: 'HytaleWorldGenProvider{name='Instance_Creative_Hub', version=0.0.0, path='null'}' and chunk storage: 'DefaultChunkStorageProvider{DEFAULT=IndexedStorageChunkStorageProvider{}}'...
[2026/05/22 01:09:25   INFO] [World|instance-CreativeHub-410dc01b-b598-4671-a21e-652eecb11d21] Loading world 'instance-CreativeHub-410dc01b-b598-4671-a21e-652eecb11d21' with generator type: 'HytaleWorldGenProvider{name='Instance_Creative_Hub', version=0.0.0, path='null'}' and chunk storage: 'DefaultChunkStorageProvider{DEFAULT=IndexedStorageChunkStorageProvider{}}'...
[2026/05/22 01:09:25   INFO] [World|instance-CreativeHub-25f9e378-8c0b-40e9-987f-cf0577500f08] Loading world 'instance-CreativeHub-25f9e378-8c0b-40e9-987f-cf0577500f08' with generator type: 'HytaleWorldGenProvider{name='Instance_Creative_Hub', version=0.0.0, path='null'}' and chunk storage: 'DefaultChunkStorageProvider{DEFAULT=IndexedStorageChunkStorageProvider{}}'...
-=|Starting|15.0
[2026/05/22 01:09:25   INFO]                  [PluginManager] Enabled plugin Hytale:Universe
-=|Starting|16.0
[2026/05/22 01:09:25   INFO]                  [PluginManager] Enabled plugin Hytale:TagSet
[2026/05/22 01:09:25   INFO]                   [UpdateModule] Update checker disabled: singleplayer mode
-=|Starting|18.0
[2026/05/22 01:09:25   INFO]                  [PluginManager] Enabled plugin Hytale:UpdateModule
-=|Starting|19.0
[2026/05/22 01:09:25   INFO]                  [PluginManager] Enabled plugin Hytale:AccessControlModule
-=|Starting|20.0
[2026/05/22 01:09:25   INFO]                  [PluginManager] Enabled plugin Hytale:CommandMacro
-=|Starting|21.0
[2026/05/22 01:09:25   INFO]                  [PluginManager] Enabled plugin Hytale:SafetyRoll
[2026/05/22 01:09:25   INFO]                  [World|default] Added world 'default' - Seed: 1774359209837, GameTime: 0001-01-01T05:30:00Z
-=|Starting|22.0
[2026/05/22 01:09:25   INFO]                  [PluginManager] Enabled plugin Hytale:HytaleGenerator
-=|Starting|24.0
[2026/05/22 01:09:25   INFO]                  [PluginManager] Enabled plugin Hytale:ItemModule
-=|Starting|25.0
[2026/05/22 01:09:25   INFO]                  [PluginManager] Enabled plugin Hytale:AnchorActionModule
-=|Starting|26.0
[2026/05/22 01:09:25   INFO]                  [PluginManager] Enabled plugin Hytale:CommonAssetModule
-=|Starting|27.0
[2026/05/22 01:09:25   INFO]                  [PluginManager] Enabled plugin Hytale:CosmeticsModule
[2026/05/22 01:09:25   INFO] [World|instance-CreativeHub-471293ca-c08a-4913-a5cb-15557ebc4705] Added world 'instance-CreativeHub-471293ca-c08a-4913-a5cb-15557ebc4705' - Seed: 1618917989368, GameTime: 0001-01-01T16:50:44.090953998Z
[2026/05/22 01:09:25   INFO]            [World|default_world] Added world 'default_world' - Seed: 1774359931402, GameTime: 0001-01-09T08:54:06.995980773Z
[2026/05/22 01:09:25   INFO] [World|instance-CreativeHub-410dc01b-b598-4671-a21e-652eecb11d21] Added world 'instance-CreativeHub-410dc01b-b598-4671-a21e-652eecb11d21' - Seed: 1618917989368, GameTime: 0001-01-01T16:50:44.090953998Z
[2026/05/22 01:09:25   INFO] [World|instance-CreativeHub-25f9e378-8c0b-40e9-987f-cf0577500f08] Added world 'instance-CreativeHub-25f9e378-8c0b-40e9-987f-cf0577500f08' - Seed: 1618917989368, GameTime: 0001-01-01T16:50:44.090953998Z
[2026/05/22 01:09:25   INFO] [World|instance-CreativeHub-5e1ff7e4-a84b-44a1-866d-7b9ea8c1f327] Added world 'instance-CreativeHub-5e1ff7e4-a84b-44a1-866d-7b9ea8c1f327' - Seed: 1618917989368, GameTime: 0001-01-01T16:50:44.090953998Z
-=|Starting|28.000000000000004
[2026/05/22 01:09:25   INFO]                  [PluginManager] Enabled plugin Hytale:I18nModule
-=|Starting|28.999999999999996
[2026/05/22 01:09:25   INFO]                  [PluginManager] Enabled plugin Hytale:LegacyModule
-=|Starting|31.0
[2026/05/22 01:09:25   INFO]                  [PluginManager] Enabled plugin Hytale:LANDiscovery
-=|Starting|32.0
[2026/05/22 01:09:25   INFO]                  [PluginManager] Enabled plugin Hytale:Mantling
-=|Starting|33.0
[2026/05/22 01:09:25   INFO]                  [PluginManager] Enabled plugin Hytale:PermissionsModule
-=|Starting|34.0
[2026/05/22 01:09:25   INFO]                  [PluginManager] Enabled plugin Hytale:Deployables
-=|Starting|35.0
[2026/05/22 01:09:25   INFO]                  [PluginManager] Enabled plugin Hytale:BlockSetModule
-=|Starting|36.0
[2026/05/22 01:09:25   INFO]                  [PluginManager] Enabled plugin Hytale:FlyCameraModule
-=|Starting|38.0
[2026/05/22 01:09:25   INFO]                  [PluginManager] Enabled plugin Hytale:EntityModule
-=|Starting|39.0
[2026/05/22 01:09:25   INFO]                  [PluginManager] Enabled plugin Hytale:BlockTick
-=|Starting|40.0
[2026/05/22 01:09:25   INFO]                  [PluginManager] Enabled plugin Hytale:BlockHealthModule
-=|Starting|41.0
[2026/05/22 01:09:25   INFO]                  [PluginManager] Enabled plugin Hytale:InteractionModule
-=|Starting|42.0
[2026/05/22 01:09:25   INFO]                  [PluginManager] Enabled plugin Hytale:ServerPlayerListModule
-=|Starting|44.0
[2026/05/22 01:09:25   INFO]                  [PluginManager] Enabled plugin Hytale:ConnectedBlocksModule
-=|Starting|45.0
[2026/05/22 01:09:25   INFO]                  [PluginManager] Enabled plugin Hytale:BlockTypeModule
-=|Starting|46.0
[2026/05/22 01:09:25   INFO]                  [PluginManager] Enabled plugin Hytale:RandomTick
-=|Starting|47.0
[2026/05/22 01:09:25   INFO]                  [PluginManager] Enabled plugin Hytale:BlockModule
-=|Starting|48.0
[2026/05/22 01:09:25   INFO]                  [PluginManager] Enabled plugin Hytale:Weather
-=|Starting|49.0
[2026/05/22 01:09:25   INFO]                  [PluginManager] Enabled plugin Hytale:Reputation
-=|Starting|51.0
[2026/05/22 01:09:25   INFO]                  [PluginManager] Enabled plugin Hytale:Parkour
-=|Starting|52.0
[2026/05/22 01:09:25   INFO]                  [PluginManager] Enabled plugin Hytale:ProjectileModule
-=|Starting|53.0
[2026/05/22 01:09:25   INFO]                  [PluginManager] Enabled plugin Hytale:Objectives
-=|Starting|54.0
[2026/05/22 01:09:25   INFO]                  [PluginManager] Enabled plugin Hytale:Teleport
-=|Starting|55.00000000000001
[2026/05/22 01:09:25   INFO]                  [PluginManager] Enabled plugin Hytale:WorldGen
-=|Starting|56.00000000000001
[2026/05/22 01:09:25   INFO]                  [PluginManager] Enabled plugin Hytale:Stash
-=|Starting|57.99999999999999
[2026/05/22 01:09:25   INFO]                  [PluginManager] Enabled plugin Hytale:AssetEditor
-=|Starting|59.0
[2026/05/22 01:09:25   INFO]                  [PluginManager] Enabled plugin Hytale:Ambience
-=|Starting|60.0
[2026/05/22 01:09:25   INFO]                  [PluginManager] Enabled plugin Hytale:Teleporter
-=|Starting|61.0
[2026/05/22 01:09:25   INFO]                  [PluginManager] Enabled plugin Hytale:BlockPhysics
-=|Starting|62.0
[2026/05/22 01:09:25   INFO]                  [PluginManager] Enabled plugin Hytale:BuilderTools
-=|Starting|64.0
[2026/05/22 01:09:25   INFO]                  [PluginManager] Enabled plugin Hytale:Farming
-=|Starting|65.0
[2026/05/22 01:09:25   INFO]                  [PluginManager] Enabled plugin Hytale:ObjectiveReputation
-=|Starting|66.0
[2026/05/22 01:09:25   INFO]                  [PluginManager] Enabled plugin Hytale:Fluid
[2026/05/22 01:09:25   INFO] [World|instance-CreativeHub-60b64c05-d7b2-4678-bc1c-990885ba5120] Loading world 'instance-CreativeHub-60b64c05-d7b2-4678-bc1c-990885ba5120' with generator type: 'HytaleWorldGenProvider{name='Instance_Creative_Hub', version=0.0.0, path='null'}' and chunk storage: 'DefaultChunkStorageProvider{DEFAULT=IndexedStorageChunkStorageProvider{}}'...
[2026/05/22 01:09:25   INFO] [World|instance-CreativeHub-60b64c05-d7b2-4678-bc1c-990885ba5120] Added world 'instance-CreativeHub-60b64c05-d7b2-4678-bc1c-990885ba5120' - Seed: 1618917989368, GameTime: 0001-01-01T16:50:44.090953998Z
[2026/05/22 01:09:25   INFO]                [BarterShopState] Loaded barter shop state with 0 shops
[2026/05/22 01:09:25   INFO]                         [Shop|P] Barter shop state initialized
-=|Starting|67.0
[2026/05/22 01:09:25   INFO]                  [PluginManager] Enabled plugin Hytale:Shop
-=|Starting|68.0
[2026/05/22 01:09:25   INFO]                  [PluginManager] Enabled plugin Hytale:Crafting
[2026/05/22 01:09:25   INFO]           [SingleplayerModule|P] Client PID: 2032
-=|Starting|69.0
[2026/05/22 01:09:25   INFO]                  [PluginManager] Enabled plugin Hytale:SingleplayerModule
-=|Starting|71.0
[2026/05/22 01:09:25   INFO]                  [PluginManager] Enabled plugin Hytale:ShopReputation
[2026/05/22 01:09:25   INFO]                  [VoiceModule|P] [Voice] Started position cache update task (100ms interval)
-=|Starting|72.0
[2026/05/22 01:09:25   INFO]                  [PluginManager] Enabled plugin Hytale:VoiceModule
-=|Starting|73.0
[2026/05/22 01:09:25   INFO]                  [PluginManager] Enabled plugin Hytale:EntityStatsModule
-=|Starting|74.0
[2026/05/22 01:09:25   INFO]                  [PluginManager] Enabled plugin Hytale:BlockSpawner
-=|Starting|75.0
[2026/05/22 01:09:25   INFO]                  [PluginManager] Enabled plugin Hytale:PrefabSpawnerModule
-=|Starting|76.0
[2026/05/22 01:09:25   INFO]                  [PluginManager] Enabled plugin Hytale:Instances
-=|Starting|78.0
[2026/05/22 01:09:25   INFO]                  [PluginManager] Enabled plugin Hytale:Path
-=|Starting|79.0
[2026/05/22 01:09:25   INFO]                  [PluginManager] Enabled plugin Hytale:EntityUIModule
-=|Starting|80.0
[2026/05/22 01:09:25   INFO]                  [PluginManager] Enabled plugin Hytale:StaminaModule
-=|Starting|81.0
[2026/05/22 01:09:25   INFO]                  [PluginManager] Enabled plugin Hytale:ObjectiveShop
-=|Starting|82.0
[2026/05/22 01:09:25   INFO]                  [PluginManager] Enabled plugin Hytale:CreativeHub
-=|Starting|84.0
[2026/05/22 01:09:25   INFO]                  [PluginManager] Enabled plugin Hytale:DamageModule
-=|Starting|85.0
[2026/05/22 01:09:25   INFO]                  [PluginManager] Enabled plugin Hytale:Camera
-=|Starting|86.0
[2026/05/22 01:09:25   INFO]                  [PluginManager] Enabled plugin Hytale:NPC
-=|Starting|87.0
[2026/05/22 01:09:25   INFO]                  [PluginManager] Enabled plugin Hytale:Mounts
-=|Starting|88.0
[2026/05/22 01:09:25   INFO]                  [PluginManager] Enabled plugin Hytale:Flock
-=|Starting|89.0
[2026/05/22 01:09:25   INFO]                  [PluginManager] Enabled plugin Hytale:NPCEditor
[2026/05/22 01:09:25   INFO]                 [WorldGenerator] Loading world-gen with the following asset-packs (highest priority first):
[2026/05/22 01:09:25   INFO]                 [WorldGenerator] Loading world-gen with the following asset-packs (highest priority first):
[2026/05/22 01:09:25   INFO]                 [WorldGenerator] Loading world-gen with the following asset-packs (highest priority first):
[2026/05/22 01:09:25   INFO]                 [WorldGenerator] Loading world-gen with the following asset-packs (highest priority first):
[2026/05/22 01:09:25   INFO]                 [WorldGenerator] - [  0] Hytale:Hytale:0.0.0 - [C:\Users\fishe\AppData\Roaming\Hytale\install\release\package\game\latest\Assets.zip]
[2026/05/22 01:09:25   INFO]                 [WorldGenerator] - [  0] Hytale:Hytale:0.0.0 - [C:\Users\fishe\AppData\Roaming\Hytale\install\release\package\game\latest\Assets.zip]
[2026/05/22 01:09:25   INFO]                 [WorldGenerator] - [  0] Hytale:Hytale:0.0.0 - [C:\Users\fishe\AppData\Roaming\Hytale\install\release\package\game\latest\Assets.zip]
[2026/05/22 01:09:25   INFO]                 [WorldGenerator] - [  0] Hytale:Hytale:0.0.0 - [C:\Users\fishe\AppData\Roaming\Hytale\install\release\package\game\latest\Assets.zip]
[2026/05/22 01:09:25   INFO]                 [WorldGenerator] Loading world-gen with the following asset-packs (highest priority first):
[2026/05/22 01:09:25   INFO]                 [WorldGenerator] - [  0] Hytale:Hytale:0.0.0 - [C:\Users\fishe\AppData\Roaming\Hytale\install\release\package\game\latest\Assets.zip]
[2026/05/22 01:09:25   INFO]                 [WorldGenerator] Loading world-gen with the following asset-packs (highest priority first):
[2026/05/22 01:09:25   INFO]                 [WorldGenerator] Loading world-gen with the following asset-packs (highest priority first):
[2026/05/22 01:09:25   INFO]                 [WorldGenerator] - [  0] Hytale:Hytale:0.0.0 - [C:\Users\fishe\AppData\Roaming\Hytale\install\release\package\game\latest\Assets.zip]
[2026/05/22 01:09:25   INFO]                 [WorldGenerator] - [  0] Hytale:Hytale:0.0.0 - [C:\Users\fishe\AppData\Roaming\Hytale\install\release\package\game\latest\Assets.zip]
-=|Starting|91.0
[2026/05/22 01:09:25   INFO]                  [PluginManager] Enabled plugin Hytale:Memories
-=|Starting|92.0
[2026/05/22 01:09:25   INFO]                  [PluginManager] Enabled plugin Hytale:NPCShop
-=|Starting|93.0
[2026/05/22 01:09:25   INFO]                  [PluginManager] Enabled plugin Hytale:Beds
-=|Starting|94.0
[2026/05/22 01:09:25   INFO]                  [PluginManager] Enabled plugin Hytale:Portals
-=|Starting|95.0
[2026/05/22 01:09:25   INFO]                  [PluginManager] Enabled plugin Hytale:NPCCombatActionEvaluator
-=|Starting|96.0
[2026/05/22 01:09:25   INFO]                  [PluginManager] Enabled plugin Hytale:NPCReputation
[2026/05/22 01:09:25   INFO]                     [Spawning|P] Successfully set up 96 world spawn configurations
[2026/05/22 01:09:25   INFO]                     [Spawning|P] Successfully set up 75 beacon spawn configurations
-=|Starting|98.0
[2026/05/22 01:09:25   INFO]                  [PluginManager] Enabled plugin Hytale:Spawning
-=|Starting|99.0
[2026/05/22 01:09:25   INFO]                  [PluginManager] Enabled plugin Hytale:NPCObjectives
[2026/05/22 01:09:25   INFO]                           [MOTM] [MOTM] >>> start() called
[2026/05/22 01:09:25   INFO] [MOTM] [MOTM] InteractionType enum: Primary / toString=Primary / valueOf=Primary
[2026/05/22 01:09:25   INFO] [MOTM] [MOTM] InteractionType enum: Secondary / toString=Secondary / valueOf=Secondary
[2026/05/22 01:09:25   INFO] [MOTM] [MOTM] InteractionType enum: Ability1 / toString=Ability1 / valueOf=Ability1
[2026/05/22 01:09:25   INFO] [MOTM] [MOTM] InteractionType enum: Ability2 / toString=Ability2 / valueOf=Ability2
[2026/05/22 01:09:25   INFO] [MOTM] [MOTM] InteractionType enum: Ability3 / toString=Ability3 / valueOf=Ability3
[2026/05/22 01:09:25   INFO] [MOTM] [MOTM] InteractionType enum: Use / toString=Use / valueOf=Use
[2026/05/22 01:09:25   INFO] [MOTM] [MOTM] InteractionType enum: Pick / toString=Pick / valueOf=Pick
[2026/05/22 01:09:25   INFO] [MOTM] [MOTM] InteractionType enum: Pickup / toString=Pickup / valueOf=Pickup
[2026/05/22 01:09:25   INFO] [MOTM] [MOTM] InteractionType enum: CollisionEnter / toString=CollisionEnter / valueOf=CollisionEnter
[2026/05/22 01:09:25   INFO] [MOTM] [MOTM] InteractionType enum: CollisionLeave / toString=CollisionLeave / valueOf=CollisionLeave
[2026/05/22 01:09:25   INFO] [MOTM] [MOTM] InteractionType enum: Collision / toString=Collision / valueOf=Collision
[2026/05/22 01:09:25   INFO] [MOTM] [MOTM] InteractionType enum: EntityStatEffect / toString=EntityStatEffect / valueOf=EntityStatEffect
[2026/05/22 01:09:25   INFO] [MOTM] [MOTM] InteractionType enum: SwapTo / toString=SwapTo / valueOf=SwapTo
[2026/05/22 01:09:25   INFO] [MOTM] [MOTM] InteractionType enum: SwapFrom / toString=SwapFrom / valueOf=SwapFrom
[2026/05/22 01:09:25   INFO] [MOTM] [MOTM] InteractionType enum: Death / toString=Death / valueOf=Death
[2026/05/22 01:09:25   INFO] [MOTM] [MOTM] InteractionType enum: Wielding / toString=Wielding / valueOf=Wielding
[2026/05/22 01:09:25   INFO] [MOTM] [MOTM] InteractionType enum: ProjectileSpawn / toString=ProjectileSpawn / valueOf=ProjectileSpawn
[2026/05/22 01:09:25   INFO] [MOTM] [MOTM] InteractionType enum: ProjectileHit / toString=ProjectileHit / valueOf=ProjectileHit
[2026/05/22 01:09:25   INFO] [MOTM] [MOTM] InteractionType enum: ProjectileMiss / toString=ProjectileMiss / valueOf=ProjectileMiss
[2026/05/22 01:09:25   INFO] [MOTM] [MOTM] InteractionType enum: ProjectileBounce / toString=ProjectileBounce / valueOf=ProjectileBounce
[2026/05/22 01:09:25   INFO] [MOTM] [MOTM] InteractionType enum: Held / toString=Held / valueOf=Held
[2026/05/22 01:09:25   INFO] [MOTM] [MOTM] InteractionType enum: HeldOffhand / toString=HeldOffhand / valueOf=HeldOffhand
[2026/05/22 01:09:25   INFO] [MOTM] [MOTM] InteractionType enum: Equipped / toString=Equipped / valueOf=Equipped
[2026/05/22 01:09:25   INFO] [MOTM] [MOTM] InteractionType enum: Dodge / toString=Dodge / valueOf=Dodge
[2026/05/22 01:09:25   INFO] [MOTM] [MOTM] InteractionType enum: GameModeSwap / toString=GameModeSwap / valueOf=GameModeSwap
[2026/05/22 01:09:25   INFO] [MOTM] [MOTM] Spellbook item asset resolved=true itemId=MOTM_Spellbook_Focus
[2026/05/22 01:09:25   INFO] [WorldGenerator] Set prefab-loader config: path=/Server/World/Instance_Creative_Hub, store=ASSETS
[2026/05/22 01:09:25   INFO] [WorldGenerator] Set prefab-loader config: path=/Server/World/Instance_Creative_Hub, store=ASSETS
[2026/05/22 01:09:25   INFO]           [MOTM] [MOTM] Registered native Hydro waterskin fieldcraft recipe.
[2026/05/22 01:09:25   INFO]           [MOTM] [MOTM] Auto-save started (interval: 300s)
[2026/05/22 01:09:25   INFO]           [MOTM] [MOTM] Plugin enabled successfully!
-=|Starting|100.0
[2026/05/22 01:09:25   INFO]  [PluginManager] Enabled plugin com.motm:Mentees of the Mystical
[2026/05/22 01:09:25   INFO]   [HytaleServer] Plugin manager started! Startup time so far: 11sec 41ms 878us 200ns
-=|Enabled|0
[2026/05/22 01:09:25   INFO]   [HytaleServer] Getting Hytale Universe ready...
[2026/05/22 01:09:25   INFO] [WorldGenerator] Set prefab-loader config: path=/Server/World/Instance_Creative_Hub, store=ASSETS
[2026/05/22 01:09:25   INFO] [WorldGenerator] Set prefab-loader config: path=/Server/World/Instance_Creative_Hub, store=ASSETS
[2026/05/22 01:09:25   INFO] [WorldGenerator] Set prefab-loader config: path=/Server/World/Instance_Creative_Hub, store=ASSETS
[2026/05/22 01:09:25   INFO] [WorldGenerator] Initialized ChunkGenerator-0 executor
[2026/05/22 01:09:25   INFO] [WorldGenerator] Initialized ChunkGenerator-1 executor
[2026/05/22 01:09:25   INFO] [WorldGenerator] Initialized ChunkGenerator-3 executor
[2026/05/22 01:09:25   INFO] [WorldGenerator] Initialized ChunkGenerator-2 executor
[2026/05/22 01:09:25   INFO] [WorldGenerator] Initialized ChunkGenerator-4 executor
[2026/05/22 01:09:25   INFO] [World|instance-CreativeHub-471293ca-c08a-4913-a5cb-15557ebc4705|M] Initializing world map generator: com.hypixel.hytale.server.core.universe.world.worldmap.provider.DisabledWorldMapProvider$DisabledWorldMap@7e161a56
[2026/05/22 01:09:25   INFO] [World|instance-CreativeHub-25f9e378-8c0b-40e9-987f-cf0577500f08|M] Initializing world map generator: com.hypixel.hytale.server.core.universe.world.worldmap.provider.DisabledWorldMapProvider$DisabledWorldMap@7e161a56
[2026/05/22 01:09:25   INFO] [World|instance-CreativeHub-60b64c05-d7b2-4678-bc1c-990885ba5120|M] Initializing world map generator: com.hypixel.hytale.server.core.universe.world.worldmap.provider.DisabledWorldMapProvider$DisabledWorldMap@7e161a56
[2026/05/22 01:09:25   INFO] [World|instance-CreativeHub-5e1ff7e4-a84b-44a1-866d-7b9ea8c1f327|M] Initializing world map generator: com.hypixel.hytale.server.core.universe.world.worldmap.provider.DisabledWorldMapProvider$DisabledWorldMap@7e161a56
[2026/05/22 01:09:25   INFO] [World|instance-CreativeHub-410dc01b-b598-4671-a21e-652eecb11d21|M] Initializing world map generator: com.hypixel.hytale.server.core.universe.world.worldmap.provider.DisabledWorldMapProvider$DisabledWorldMap@7e161a56
[2026/05/22 01:09:25   INFO] [WorldGenerator] Set prefab-loader config: path=/Server/World/Default, store=ASSETS
[2026/05/22 01:09:25   INFO] [WorldGenerator] Set prefab-loader config: path=/Server/World/Default, store=ASSETS
[2026/05/22 01:09:27   INFO] [WorldGenerator] Initialized ChunkGenerator-5 executor
[2026/05/22 01:09:27   INFO] [WorldGenerator] Initialized ChunkGenerator-6 executor
[2026/05/22 01:09:27   INFO] [World|instance-CreativeHub-decdc94d-4c93-4d92-b2a7-2333b271b227] Loading world 'instance-CreativeHub-decdc94d-4c93-4d92-b2a7-2333b271b227' with generator type: 'HytaleWorldGenProvider{name='Instance_Creative_Hub', version=0.0.0, path='null'}' and chunk storage: 'DefaultChunkStorageProvider{DEFAULT=IndexedStorageChunkStorageProvider{}}'...
[2026/05/22 01:09:27   INFO] [World|instance-CreativeHub-decdc94d-4c93-4d92-b2a7-2333b271b227] Added world 'instance-CreativeHub-decdc94d-4c93-4d92-b2a7-2333b271b227' - Seed: 1618917989368, GameTime: 0001-01-01T16:50:44.090953998Z
[2026/05/22 01:09:27   INFO] [WorldGenerator] Loading world-gen with the following asset-packs (highest priority first):
[2026/05/22 01:09:27   INFO] [WorldGenerator] - [  0] Hytale:Hytale:0.0.0 - [C:\Users\fishe\AppData\Roaming\Hytale\install\release\package\game\latest\Assets.zip]
[2026/05/22 01:09:27   INFO] [WorldGenerator] Set prefab-loader config: path=/Server/World/Instance_Creative_Hub, store=ASSETS
[2026/05/22 01:09:27   INFO] [WorldGenerator] Initialized ChunkGenerator-7 executor
[2026/05/22 01:09:27   INFO] [WorldGenerator] Found location for unique zone 'Zone1_Spawn' -> Position: {-198, 225}, Score: 81.67%, Time: 2ms
[2026/05/22 01:09:27   INFO] [WorldGenerator] Found location for unique zone 'Zone1_Temple' -> Position: {42, 294}, Score: 77.09%, Time: 1ms
[2026/05/22 01:09:27   INFO] [World|instance-CreativeHub-decdc94d-4c93-4d92-b2a7-2333b271b227|M] Initializing world map generator: com.hypixel.hytale.server.core.universe.world.worldmap.provider.DisabledWorldMapProvider$DisabledWorldMap@7e161a56
[2026/05/22 01:09:27   INFO] [WorldGenerator] Found location for unique zone 'Zone1_Spawn' -> Position: {-481, 358}, Score: 69.86%, Time: 9ms
[2026/05/22 01:09:27   INFO] [WorldGenerator] Found location for unique zone 'Zone1_Temple' -> Position: {-599, 138}, Score: 76.38%, Time: 0ms
[2026/05/22 01:09:27   INFO] [World|instance-CreativeHub-60b64c05-d7b2-4678-bc1c-990885ba5120|M] Generating Points of Interest...
[2026/05/22 01:09:27   INFO] [World|instance-CreativeHub-60b64c05-d7b2-4678-bc1c-990885ba5120|M] Finished Generating Points of Interest!
[2026/05/22 01:09:27   WARN] [World|instance-CreativeHub-410dc01b-b598-4671-a21e-652eecb11d21] Task took 34ms 449us 400ns ns: com.hypixel.hytale.server.spawning.world.manager.WorldSpawnManager$$Lambda/0x0000000033bb9400@3475dbd2
[2026/05/22 01:09:27   INFO] [World|instance-CreativeHub-decdc94d-4c93-4d92-b2a7-2333b271b227|M] Generating Points of Interest...
[2026/05/22 01:09:27   INFO] [World|instance-CreativeHub-decdc94d-4c93-4d92-b2a7-2333b271b227|M] Finished Generating Points of Interest!
[2026/05/22 01:09:27   INFO] [World|instance-CreativeHub-decdc94d-4c93-4d92-b2a7-2333b271b227] Removing individual world: instance-CreativeHub-decdc94d-4c93-4d92-b2a7-2333b271b227
[2026/05/22 01:09:27   INFO] [World|instance-CreativeHub-decdc94d-4c93-4d92-b2a7-2333b271b227] Stopping world instance-CreativeHub-decdc94d-4c93-4d92-b2a7-2333b271b227...
[2026/05/22 01:09:27   INFO] [World|instance-CreativeHub-decdc94d-4c93-4d92-b2a7-2333b271b227] Stopping background threads...
[2026/05/22 01:09:27   INFO] [World|default|M] Initializing world map generator: com.hypixel.hytale.server.worldgen.map.GeneratorChunkWorldMap@79655dec
[2026/05/22 01:09:27   INFO] [World|default|M] Generating Points of Interest...
[2026/05/22 01:09:27   INFO] [World|default_world|M] Initializing world map generator: com.hypixel.hytale.server.worldgen.map.GeneratorChunkWorldMap@6013e4a2
[2026/05/22 01:09:27   INFO] [World|default_world|M] Generating Points of Interest...
[2026/05/22 01:09:27   INFO] [World|instance-CreativeHub-471293ca-c08a-4913-a5cb-15557ebc4705|M] Generating Points of Interest...
[2026/05/22 01:09:27   INFO] [World|instance-CreativeHub-471293ca-c08a-4913-a5cb-15557ebc4705|M] Finished Generating Points of Interest!
[2026/05/22 01:09:27   INFO] [World|instance-CreativeHub-5e1ff7e4-a84b-44a1-866d-7b9ea8c1f327|M] Generating Points of Interest...
[2026/05/22 01:09:27   INFO] [World|instance-CreativeHub-5e1ff7e4-a84b-44a1-866d-7b9ea8c1f327|M] Finished Generating Points of Interest!
[2026/05/22 01:09:27   INFO] [World|instance-CreativeHub-410dc01b-b598-4671-a21e-652eecb11d21|M] Generating Points of Interest...
[2026/05/22 01:09:27   INFO] [World|instance-CreativeHub-410dc01b-b598-4671-a21e-652eecb11d21|M] Finished Generating Points of Interest!
[2026/05/22 01:09:27   INFO] [World|instance-CreativeHub-471293ca-c08a-4913-a5cb-15557ebc4705] Removing individual world: instance-CreativeHub-471293ca-c08a-4913-a5cb-15557ebc4705
[2026/05/22 01:09:27   INFO] [World|instance-CreativeHub-60b64c05-d7b2-4678-bc1c-990885ba5120] Removing individual world: instance-CreativeHub-60b64c05-d7b2-4678-bc1c-990885ba5120
[2026/05/22 01:09:27   INFO] [World|instance-CreativeHub-471293ca-c08a-4913-a5cb-15557ebc4705] Stopping world instance-CreativeHub-471293ca-c08a-4913-a5cb-15557ebc4705...
[2026/05/22 01:09:27   INFO] [World|instance-CreativeHub-471293ca-c08a-4913-a5cb-15557ebc4705] Stopping background threads...
[2026/05/22 01:09:27   INFO] [World|instance-CreativeHub-471293ca-c08a-4913-a5cb-15557ebc4705] Removing players...
[2026/05/22 01:09:27   INFO] [World|instance-CreativeHub-471293ca-c08a-4913-a5cb-15557ebc4705] Waiting for loading chunks...
[2026/05/22 01:09:27   INFO] [World|instance-CreativeHub-410dc01b-b598-4671-a21e-652eecb11d21] Removing individual world: instance-CreativeHub-410dc01b-b598-4671-a21e-652eecb11d21
[2026/05/22 01:09:27   INFO] [World|instance-CreativeHub-410dc01b-b598-4671-a21e-652eecb11d21] Stopping world instance-CreativeHub-410dc01b-b598-4671-a21e-652eecb11d21...
[2026/05/22 01:09:27   INFO] [World|instance-CreativeHub-410dc01b-b598-4671-a21e-652eecb11d21] Stopping background threads...
[2026/05/22 01:09:27   INFO] [World|instance-CreativeHub-410dc01b-b598-4671-a21e-652eecb11d21] Removing players...
[2026/05/22 01:09:27   INFO] [World|instance-CreativeHub-410dc01b-b598-4671-a21e-652eecb11d21] Waiting for loading chunks...
[2026/05/22 01:09:27   INFO] [World|instance-CreativeHub-410dc01b-b598-4671-a21e-652eecb11d21] Shutting down stores...
-=|{"MessageId": "client.gameLoadingView.status.savingWorld", "Params": {"name": "instance-CreativeHub-410dc01b-b598-4671-a21e-652eecb11d21"}, "Bold": null, "Italic": null, "Monospace": null, "Underline": null}|0.0
[2026/05/22 01:09:27   INFO] [World|instance-CreativeHub-410dc01b-b598-4671-a21e-652eecb11d21] Shutting down chunk generator...
[2026/05/22 01:09:27   INFO] [World|instance-CreativeHub-410dc01b-b598-4671-a21e-652eecb11d21] Saving Chunks...
[2026/05/22 01:09:27   INFO]        [WorldGenerator] ChunkGenerator-3 executor shutdown complete
[2026/05/22 01:09:27   INFO] [World|instance-CreativeHub-410dc01b-b598-4671-a21e-652eecb11d21] Queuing Chunks...
[2026/05/22 01:09:27   INFO] [World|instance-CreativeHub-410dc01b-b598-4671-a21e-652eecb11d21] Saving All Chunks...
[2026/05/22 01:09:27   INFO] [World|instance-CreativeHub-410dc01b-b598-4671-a21e-652eecb11d21] Waiting for Saving Chunks...
[2026/05/22 01:09:27   INFO] [World|instance-CreativeHub-410dc01b-b598-4671-a21e-652eecb11d21] Done Saving Chunks!
[2026/05/22 01:09:27   INFO] [World|instance-CreativeHub-471293ca-c08a-4913-a5cb-15557ebc4705] Shutting down stores...
-=|{"MessageId": "client.gameLoadingView.status.savingWorld", "Params": {"name": "instance-CreativeHub-471293ca-c08a-4913-a5cb-15557ebc4705"}, "Bold": null, "Italic": null, "Monospace": null, "Underline": null}|0.0
[2026/05/22 01:09:27   INFO] [World|instance-CreativeHub-471293ca-c08a-4913-a5cb-15557ebc4705] Shutting down chunk generator...
[2026/05/22 01:09:27   INFO]        [WorldGenerator] ChunkGenerator-4 executor shutdown complete
[2026/05/22 01:09:27   INFO]   [PlayerSavingSystems] Disconnecting Players...
[2026/05/22 01:09:27   INFO] [World|instance-CreativeHub-decdc94d-4c93-4d92-b2a7-2333b271b227] Removing players...
[2026/05/22 01:09:27   INFO] [World|instance-CreativeHub-decdc94d-4c93-4d92-b2a7-2333b271b227] Waiting for loading chunks...
[2026/05/22 01:09:27   INFO] [World|instance-CreativeHub-471293ca-c08a-4913-a5cb-15557ebc4705] Saving Chunks...
[2026/05/22 01:09:27   INFO] [World|instance-CreativeHub-471293ca-c08a-4913-a5cb-15557ebc4705] Queuing Chunks...
[2026/05/22 01:09:27   INFO] [World|instance-CreativeHub-471293ca-c08a-4913-a5cb-15557ebc4705] Saving All Chunks...
[2026/05/22 01:09:27   INFO] [World|instance-CreativeHub-471293ca-c08a-4913-a5cb-15557ebc4705] Waiting for Saving Chunks...
[2026/05/22 01:09:27   INFO] [World|instance-CreativeHub-471293ca-c08a-4913-a5cb-15557ebc4705] Done Saving Chunks!
[2026/05/22 01:09:27   INFO] [World|instance-CreativeHub-410dc01b-b598-4671-a21e-652eecb11d21] Saving Config...
[2026/05/22 01:09:27   INFO] [World|instance-CreativeHub-25f9e378-8c0b-40e9-987f-cf0577500f08|M] Generating Points of Interest...
[2026/05/22 01:09:27   INFO] [World|instance-CreativeHub-25f9e378-8c0b-40e9-987f-cf0577500f08|M] Finished Generating Points of Interest!
[2026/05/22 01:09:27   INFO] [World|default_world|M] Finished Generating Points of Interest!
[2026/05/22 01:09:27   INFO] [World|instance-CreativeHub-60b64c05-d7b2-4678-bc1c-990885ba5120] Stopping world instance-CreativeHub-60b64c05-d7b2-4678-bc1c-990885ba5120...
[2026/05/22 01:09:27   INFO] [World|instance-CreativeHub-60b64c05-d7b2-4678-bc1c-990885ba5120] Stopping background threads...
[2026/05/22 01:09:27   INFO] [World|instance-CreativeHub-decdc94d-4c93-4d92-b2a7-2333b271b227] Shutting down stores...
[2026/05/22 01:09:27   INFO] [World|instance-CreativeHub-60b64c05-d7b2-4678-bc1c-990885ba5120] Removing players...
[2026/05/22 01:09:27   INFO] [World|instance-CreativeHub-60b64c05-d7b2-4678-bc1c-990885ba5120] Waiting for loading chunks...
-=|{"MessageId": "client.gameLoadingView.status.savingWorld", "Params": {"name": "instance-CreativeHub-decdc94d-4c93-4d92-b2a7-2333b271b227"}, "Bold": null, "Italic": null, "Monospace": null, "Underline": null}|0.0
[2026/05/22 01:09:27   INFO] [World|instance-CreativeHub-decdc94d-4c93-4d92-b2a7-2333b271b227] Shutting down chunk generator...
[2026/05/22 01:09:27   INFO] [World|instance-CreativeHub-decdc94d-4c93-4d92-b2a7-2333b271b227] Saving Chunks...
[2026/05/22 01:09:27   INFO] [World|instance-CreativeHub-decdc94d-4c93-4d92-b2a7-2333b271b227] Queuing Chunks...
[2026/05/22 01:09:27   INFO] [World|instance-CreativeHub-decdc94d-4c93-4d92-b2a7-2333b271b227] Saving All Chunks...
[2026/05/22 01:09:27   INFO] [World|instance-CreativeHub-decdc94d-4c93-4d92-b2a7-2333b271b227] Waiting for Saving Chunks...
[2026/05/22 01:09:27   INFO]        [WorldGenerator] ChunkGenerator-7 executor shutdown complete
[2026/05/22 01:09:27   INFO] [World|instance-CreativeHub-decdc94d-4c93-4d92-b2a7-2333b271b227] Done Saving Chunks!
[2026/05/22 01:09:27   INFO] [World|instance-CreativeHub-25f9e378-8c0b-40e9-987f-cf0577500f08] Removing individual world: instance-CreativeHub-25f9e378-8c0b-40e9-987f-cf0577500f08
-=|{"MessageId": "client.gameLoadingView.status.closingWorld", "Params": {"name": "instance-CreativeHub-410dc01b-b598-4671-a21e-652eecb11d21"}, "Bold": null, "Italic": null, "Monospace": null, "Underline": null}|0.0
[2026/05/22 01:09:27   INFO] [World|instance-CreativeHub-60b64c05-d7b2-4678-bc1c-990885ba5120] Shutting down stores...
[2026/05/22 01:09:27   INFO] [World|instance-CreativeHub-25f9e378-8c0b-40e9-987f-cf0577500f08] Stopping world instance-CreativeHub-25f9e378-8c0b-40e9-987f-cf0577500f08...
[2026/05/22 01:09:27   INFO] [World|instance-CreativeHub-25f9e378-8c0b-40e9-987f-cf0577500f08] Stopping background threads...
-=|{"MessageId": "client.gameLoadingView.status.savingWorld", "Params": {"name": "instance-CreativeHub-60b64c05-d7b2-4678-bc1c-990885ba5120"}, "Bold": null, "Italic": null, "Monospace": null, "Underline": null}|0.0
[2026/05/22 01:09:27   INFO] [World|instance-CreativeHub-60b64c05-d7b2-4678-bc1c-990885ba5120] Shutting down chunk generator...
[2026/05/22 01:09:27   INFO] [World|instance-CreativeHub-60b64c05-d7b2-4678-bc1c-990885ba5120] Saving Chunks...
[2026/05/22 01:09:27   INFO] [World|instance-CreativeHub-60b64c05-d7b2-4678-bc1c-990885ba5120] Queuing Chunks...
[2026/05/22 01:09:27   INFO] [World|instance-CreativeHub-60b64c05-d7b2-4678-bc1c-990885ba5120] Saving All Chunks...
[2026/05/22 01:09:27   INFO] [World|instance-CreativeHub-60b64c05-d7b2-4678-bc1c-990885ba5120] Waiting for Saving Chunks...
[2026/05/22 01:09:27   INFO] [World|instance-CreativeHub-60b64c05-d7b2-4678-bc1c-990885ba5120] Done Saving Chunks!
[2026/05/22 01:09:27   INFO] [World|instance-CreativeHub-25f9e378-8c0b-40e9-987f-cf0577500f08] Removing players...
[2026/05/22 01:09:27   INFO] [World|instance-CreativeHub-25f9e378-8c0b-40e9-987f-cf0577500f08] Waiting for loading chunks...
[2026/05/22 01:09:27   INFO] [World|instance-CreativeHub-25f9e378-8c0b-40e9-987f-cf0577500f08] Shutting down stores...
-=|{"MessageId": "client.gameLoadingView.status.savingWorld", "Params": {"name": "instance-CreativeHub-25f9e378-8c0b-40e9-987f-cf0577500f08"}, "Bold": null, "Italic": null, "Monospace": null, "Underline": null}|0.0
[2026/05/22 01:09:27   INFO] [World|instance-CreativeHub-25f9e378-8c0b-40e9-987f-cf0577500f08] Shutting down chunk generator...
[2026/05/22 01:09:27   INFO] [World|instance-CreativeHub-25f9e378-8c0b-40e9-987f-cf0577500f08] Saving Chunks...
[2026/05/22 01:09:27   INFO] [World|instance-CreativeHub-25f9e378-8c0b-40e9-987f-cf0577500f08] Queuing Chunks...
[2026/05/22 01:09:27   INFO] [World|instance-CreativeHub-25f9e378-8c0b-40e9-987f-cf0577500f08] Saving All Chunks...
[2026/05/22 01:09:27   INFO] [World|instance-CreativeHub-25f9e378-8c0b-40e9-987f-cf0577500f08] Waiting for Saving Chunks...
[2026/05/22 01:09:27   INFO] [World|instance-CreativeHub-25f9e378-8c0b-40e9-987f-cf0577500f08] Done Saving Chunks!
[2026/05/22 01:09:27   INFO]        [WorldGenerator] ChunkGenerator-0 executor shutdown complete
[2026/05/22 01:09:27   INFO]        [WorldGenerator] ChunkGenerator-1 executor shutdown complete
[2026/05/22 01:09:27   INFO]       [World|default|M] Finished Generating Points of Interest!
[2026/05/22 01:09:27   INFO]   [PlayerSavingSystems] Disconnecting Players...
[2026/05/22 01:09:27   INFO] [World|instance-CreativeHub-5e1ff7e4-a84b-44a1-866d-7b9ea8c1f327] Removing individual world: instance-CreativeHub-5e1ff7e4-a84b-44a1-866d-7b9ea8c1f327
[2026/05/22 01:09:27   INFO] [World|instance-CreativeHub-5e1ff7e4-a84b-44a1-866d-7b9ea8c1f327] Stopping world instance-CreativeHub-5e1ff7e4-a84b-44a1-866d-7b9ea8c1f327...
[2026/05/22 01:09:27   INFO] [World|instance-CreativeHub-5e1ff7e4-a84b-44a1-866d-7b9ea8c1f327] Stopping background threads...
[2026/05/22 01:09:27   INFO] [World|instance-CreativeHub-5e1ff7e4-a84b-44a1-866d-7b9ea8c1f327] Removing players...
[2026/05/22 01:09:27   INFO] [World|instance-CreativeHub-5e1ff7e4-a84b-44a1-866d-7b9ea8c1f327] Waiting for loading chunks...
[2026/05/22 01:09:27   INFO] [World|instance-CreativeHub-5e1ff7e4-a84b-44a1-866d-7b9ea8c1f327] Shutting down stores...
-=|{"MessageId": "client.gameLoadingView.status.savingWorld", "Params": {"name": "instance-CreativeHub-5e1ff7e4-a84b-44a1-866d-7b9ea8c1f327"}, "Bold": null, "Italic": null, "Monospace": null, "Underline": null}|0.0
[2026/05/22 01:09:27   INFO] [World|instance-CreativeHub-5e1ff7e4-a84b-44a1-866d-7b9ea8c1f327] Shutting down chunk generator...
[2026/05/22 01:09:27   INFO] [World|instance-CreativeHub-5e1ff7e4-a84b-44a1-866d-7b9ea8c1f327] Saving Chunks...
[2026/05/22 01:09:27   INFO] [World|instance-CreativeHub-5e1ff7e4-a84b-44a1-866d-7b9ea8c1f327] Queuing Chunks...
[2026/05/22 01:09:27   INFO] [World|instance-CreativeHub-5e1ff7e4-a84b-44a1-866d-7b9ea8c1f327] Saving All Chunks...
[2026/05/22 01:09:27   INFO] [World|instance-CreativeHub-5e1ff7e4-a84b-44a1-866d-7b9ea8c1f327] Waiting for Saving Chunks...
[2026/05/22 01:09:27   INFO] [World|instance-CreativeHub-5e1ff7e4-a84b-44a1-866d-7b9ea8c1f327] Done Saving Chunks!
[2026/05/22 01:09:27   INFO]        [WorldGenerator] ChunkGenerator-2 executor shutdown complete
[2026/05/22 01:09:27   INFO]   [PlayerSavingSystems] Disconnecting Players...
[2026/05/22 01:09:27 SEVERE] [World|instance-CreativeHub-60b64c05-d7b2-4678-bc1c-990885ba5120] Failed to run task!
java.lang.IllegalStateException: Store is shutdown!
	at com.hypixel.hytale.component.Store.forEachEntityParallel(Store.java:1628)
	at com.hypixel.hytale.builtin.portals.systems.PortalInvalidDestinationSystem.turnOffPortalsInWorld(PortalInvalidDestinationSystem.java:49)
	at com.hypixel.hytale.builtin.portals.PortalsPlugin.lambda$turnOffPortalWhenWorldRemoved$0(PortalsPlugin.java:112)
	at com.hypixel.hytale.server.core.universe.world.World.consumeTaskQueue(World.java:967)
	at com.hypixel.hytale.server.core.universe.world.World.onShutdown(World.java:528)
	at com.hypixel.hytale.server.core.util.thread.TickingThread.run(TickingThread.java:122)
	at java.base/java.lang.Thread.run(Unknown Source)

[2026/05/22 01:09:27 SEVERE] [World|instance-CreativeHub-25f9e378-8c0b-40e9-987f-cf0577500f08] Failed to run task!
java.lang.IllegalStateException: Store is shutdown!
	at com.hypixel.hytale.component.Store.forEachEntityParallel(Store.java:1628)
	at com.hypixel.hytale.builtin.portals.systems.PortalInvalidDestinationSystem.turnOffPortalsInWorld(PortalInvalidDestinationSystem.java:49)
	at com.hypixel.hytale.builtin.portals.PortalsPlugin.lambda$turnOffPortalWhenWorldRemoved$0(PortalsPlugin.java:112)
	at com.hypixel.hytale.server.core.universe.world.World.consumeTaskQueue(World.java:967)
	at com.hypixel.hytale.server.core.universe.world.World.onShutdown(World.java:524)
	at com.hypixel.hytale.server.core.util.thread.TickingThread.run(TickingThread.java:122)
	at java.base/java.lang.Thread.run(Unknown Source)

[2026/05/22 01:09:27 SEVERE] [World|instance-CreativeHub-decdc94d-4c93-4d92-b2a7-2333b271b227] Failed to run task!
java.lang.IllegalStateException: Store is shutdown!
	at com.hypixel.hytale.component.Store.forEachEntityParallel(Store.java:1628)
	at com.hypixel.hytale.builtin.portals.systems.PortalInvalidDestinationSystem.turnOffPortalsInWorld(PortalInvalidDestinationSystem.java:49)
	at com.hypixel.hytale.builtin.portals.PortalsPlugin.lambda$turnOffPortalWhenWorldRemoved$0(PortalsPlugin.java:112)
	at com.hypixel.hytale.server.core.universe.world.World.consumeTaskQueue(World.java:967)
	at com.hypixel.hytale.server.core.universe.world.World.onShutdown(World.java:524)
	at com.hypixel.hytale.server.core.util.thread.TickingThread.run(TickingThread.java:122)
	at java.base/java.lang.Thread.run(Unknown Source)

[2026/05/22 01:09:27 SEVERE] [World|instance-CreativeHub-decdc94d-4c93-4d92-b2a7-2333b271b227] Failed to run task!
java.lang.IllegalStateException: Store is shutdown!
	at com.hypixel.hytale.component.Store.forEachEntityParallel(Store.java:1628)
	at com.hypixel.hytale.builtin.portals.systems.PortalInvalidDestinationSystem.turnOffPortalsInWorld(PortalInvalidDestinationSystem.java:49)
	at com.hypixel.hytale.builtin.portals.PortalsPlugin.lambda$turnOffPortalWhenWorldRemoved$0(PortalsPlugin.java:112)
	at com.hypixel.hytale.server.core.universe.world.World.consumeTaskQueue(World.java:967)
	at com.hypixel.hytale.server.core.universe.world.World.onShutdown(World.java:524)
	at com.hypixel.hytale.server.core.util.thread.TickingThread.run(TickingThread.java:122)
	at java.base/java.lang.Thread.run(Unknown Source)

[2026/05/22 01:09:27   INFO]   [PlayerSavingSystems] Disconnecting Players...
[2026/05/22 01:09:27   INFO]   [PlayerSavingSystems] Disconnecting Players...
[2026/05/22 01:09:27   INFO] [World|instance-CreativeHub-60b64c05-d7b2-4678-bc1c-990885ba5120] Saving Config...
[2026/05/22 01:09:27 SEVERE] [World|instance-CreativeHub-471293ca-c08a-4913-a5cb-15557ebc4705] Failed to run task!
java.lang.IllegalStateException: Store is shutdown!
	at com.hypixel.hytale.component.Store.forEachEntityParallel(Store.java:1628)
	at com.hypixel.hytale.builtin.portals.systems.PortalInvalidDestinationSystem.turnOffPortalsInWorld(PortalInvalidDestinationSystem.java:49)
	at com.hypixel.hytale.builtin.portals.PortalsPlugin.lambda$turnOffPortalWhenWorldRemoved$0(PortalsPlugin.java:112)
	at com.hypixel.hytale.server.core.universe.world.World.consumeTaskQueue(World.java:967)
	at com.hypixel.hytale.server.core.universe.world.World.onShutdown(World.java:524)
	at com.hypixel.hytale.server.core.util.thread.TickingThread.run(TickingThread.java:122)
	at java.base/java.lang.Thread.run(Unknown Source)

-=|{"MessageId": "client.gameLoadingView.status.closingWorld", "Params": {"name": "instance-CreativeHub-60b64c05-d7b2-4678-bc1c-990885ba5120"}, "Bold": null, "Italic": null, "Monospace": null, "Underline": null}|0.0
[2026/05/22 01:09:27 SEVERE] [World|instance-CreativeHub-471293ca-c08a-4913-a5cb-15557ebc4705] Failed to run task!
java.lang.IllegalStateException: Store is shutdown!
	at com.hypixel.hytale.component.Store.forEachEntityParallel(Store.java:1628)
	at com.hypixel.hytale.builtin.portals.systems.PortalInvalidDestinationSystem.turnOffPortalsInWorld(PortalInvalidDestinationSystem.java:49)
	at com.hypixel.hytale.builtin.portals.PortalsPlugin.lambda$turnOffPortalWhenWorldRemoved$0(PortalsPlugin.java:112)
	at com.hypixel.hytale.server.core.universe.world.World.consumeTaskQueue(World.java:967)
	at com.hypixel.hytale.server.core.universe.world.World.onShutdown(World.java:524)
	at com.hypixel.hytale.server.core.util.thread.TickingThread.run(TickingThread.java:122)
	at java.base/java.lang.Thread.run(Unknown Source)

[2026/05/22 01:09:27   INFO]   [PlayerSavingSystems] Disconnecting Players...
[2026/05/22 01:09:27   INFO] [World|instance-CreativeHub-25f9e378-8c0b-40e9-987f-cf0577500f08] Saving Config...
[2026/05/22 01:09:27   INFO] [World|instance-CreativeHub-5e1ff7e4-a84b-44a1-866d-7b9ea8c1f327] Saving Config...
[2026/05/22 01:09:27   INFO]            [Teleport|P] Loaded 0 warps (No warps.json found)
[2026/05/22 01:09:27   INFO]          [HytaleServer] Universe ready!
[2026/05/22 01:09:27   INFO] [World|instance-CreativeHub-decdc94d-4c93-4d92-b2a7-2333b271b227] Saving Config...
[2026/05/22 01:09:28   INFO]         [AssetModule|P] Total Loaded Assets: Interaction: 7426, BlockType: 5746, RootInteraction: 5501, Item: 3684, CraftingRecipe: 1939, ParticleSpawner: 1637, SoundEvent: 1177, ItemDropList: 956, ParticleSystem: 561, ModelAsset: 436, BlockBoundingBoxes: 245, SpawnMarker: 243, Condition: 234, EntityEffect: 206, ResourceType: 181, ItemPlayerAnimations: 177, AmbienceFX: 176, TagPattern: 140, Environment: 123, AssignmentsAsset: 114, ProjectileConfig: 111, WorldNPCSpawn: 96, AudioCategory: 96, CombatActionOption: 89, Weather: 88, Projectile: 86, PrefabListAsset: 77, BeaconNPCSpawn: 75, NPCGroup: 70, BiomeAsset: 69, Trail: 59, FlockAsset: 58, BlockSet: 57, BlockSoundSet: 55, CameraEffect: 49, BalanceAsset: 49, CameraShake: 49, BlockSpawnerTable: 46, BlockGroup: 43, ScriptedBrushAsset: 38, ItemSoundSet: 36, ModelVFX: 33, BlockParticleSet: 30, AttitudeGroup: 26, ReverbEffect: 22, ItemToolSpec: 17, Fluid: 16, DamageCause: 15, WorldStructureAsset: 14, EntityStatType: 13, BlockTypeListAsset: 12, ResponseCurve: 12, ItemQuality: 12, ObjectiveAsset: 12, ViewBobbing: 12, BlockMigration: 11, CustomConnectedBlockTemplateAsset: 11, DensityAsset: 10, MacroCommandBuilder: 8, PortalType: 5, GameplayConfig: 5, FluidFX: 5, BlockBreakingDecal: 4, ObjectiveLocationMarkerAsset: 4, GrowthModifierAsset: 4, ItemCategory: 4, SpawnSuppression: 3, UnarmedInteractions: 3, MovementConfig: 3, ItemReticleConfig: 3, EqualizerEffect: 3, SoundSet: 2, GameModeType: 2, EntityUIComponent: 2, RepulsionConfig: 2, BarterShopAsset: 2, ObjectiveLineAsset: 2, HitboxCollisionConfig: 2, PrefabEditorCreationSettings: 1, FieldcraftCategory: 1, PropDistributionAsset: 1, ItemAttitudeGroup: 1, PositionProviderAsset: 1, SettingsAsset: 1, ReachLocationMarkerAsset: 1, FarmingCoopAsset: 1, BuilderToolItemReferenceAsset: 1, WordList: 1, WorldGenModifier: 0, ReputationRank: 0, ShopAsset: 0, DeployableSpawner: 0, EmoteAsset: 0, BlockMaskAsset: 0, PropAsset: 0, ReputationGroup: 0
[2026/05/22 01:09:28   INFO]          [HytaleServer] ===============================================================================================
[2026/05/22 01:09:28   INFO]          [HytaleServer]          Hytale Server Booted! [Singleplayer] took 13sec 604ms 198us
[2026/05/22 01:09:28   INFO]          [HytaleServer] ===============================================================================================
>> Singleplayer Ready <<
-=|{"MessageId": "client.gameLoadingView.status.closingWorld", "Params": {"name": "instance-CreativeHub-5e1ff7e4-a84b-44a1-866d-7b9ea8c1f327"}, "Bold": null, "Italic": null, "Monospace": null, "Underline": null}|0.0
-=|{"MessageId": "client.gameLoadingView.status.closingWorld", "Params": {"name": "instance-CreativeHub-25f9e378-8c0b-40e9-987f-cf0577500f08"}, "Bold": null, "Italic": null, "Monospace": null, "Underline": null}|0.0
-=|{"MessageId": "client.gameLoadingView.status.closingWorld", "Params": {"name": "instance-CreativeHub-decdc94d-4c93-4d92-b2a7-2333b271b227"}, "Bold": null, "Italic": null, "Monospace": null, "Underline": null}|0.0
[2026/05/22 01:09:28   INFO] [World|instance-CreativeHub-471293ca-c08a-4913-a5cb-15557ebc4705] Saving Config...
-=|{"MessageId": "client.gameLoadingView.status.closingWorld", "Params": {"name": "instance-CreativeHub-471293ca-c08a-4913-a5cb-15557ebc4705"}, "Bold": null, "Italic": null, "Monospace": null, "Underline": null}|0.0
[2026/05/22 01:09:28   INFO]         [QUICTransport] Received connection from QuicConnectionAddress{connId=} (/127.0.0.1:50576) to QuicConnectionAddress{connId=77b3fc186c02697d8485d6c623c260641f76bb65} (/127.0.0.1:50563) (SNI: null)
[2026/05/22 01:09:28   INFO]                [Hytale] Received stream 0 from QuicConnectionAddress{connId=77b3fc186c02697d8485d6c623c260641f76bb65} (/127.0.0.1:50576, streamId=0) to QuicConnectionAddress{connId=77b3fc186c02697d8485d6c623c260641f76bb65} (/127.0.0.1:50563, streamId=0)
[2026/05/22 01:09:28 FINEST]           [LoginTiming] [{Initial(QuicConnectionAddress{connId=77b3fc186c02697d8485d6c623c260641f76bb65} (/127.0.0.1:50576, streamId=0))}] Entering stage 'initial'
[2026/05/22 01:09:28   FINE]           [LoginTiming] [{Initial(QuicConnectionAddress{connId=77b3fc186c02697d8485d6c623c260641f76bb65} (/127.0.0.1:50576, streamId=0))}] Registered took 772us 700ns
[2026/05/22 01:09:29   FINE]           [LoginTiming] [{Initial(QuicConnectionAddress{connId=77b3fc186c02697d8485d6c623c260641f76bb65} (/127.0.0.1:50576, streamId=0))}] Connect took 412ms 298us
[2026/05/22 01:09:29   INFO]                [Hytale] Starting authenticated flow for imseb (6d49dfd8-b4aa-48ec-b608-4e0c15f00a4d) from QuicConnectionAddress{connId=77b3fc186c02697d8485d6c623c260641f76bb65} (/127.0.0.1:50576, streamId=0)
[2026/05/22 01:09:29   INFO]  [SessionServiceClient] Session Service client initialized for: https://sessions.hytale.com
[2026/05/22 01:09:29   INFO]          [JWTValidator] JWKS pre-seeded from embedded resource (1 keys)
[2026/05/22 01:09:29   INFO]          [JWTValidator] Identity token validated successfully for user imseb (UUID: 6d49dfd8-b4aa-48ec-b608-4e0c15f00a4d)
[2026/05/22 01:09:29   INFO]      [HandshakeHandler] Identity token validated for imseb (UUID: 6d49dfd8-b4aa-48ec-b608-4e0c15f00a4d, scope: hytale:client) from QuicConnectionAddress{connId=77b3fc186c02697d8485d6c623c260641f76bb65} (/127.0.0.1:50576, streamId=0), requesting auth grant
[2026/05/22 01:09:29 FINEST]           [LoginTiming] [{Authenticating(QuicConnectionAddress{connId=77b3fc186c02697d8485d6c623c260641f76bb65} (/127.0.0.1:50576, streamId=0)), authHandlerSupplier=com.hypixel.hytale.server.core.io.handlers.InitialPacketHandler$$Lambda/0x0000000033cee600@65d8bd56}] Entering stage 'auth:grant' took 6ms 515us 700ns
[2026/05/22 01:09:29   INFO]  [SessionServiceClient] Requesting authorization grant with identity token, aud='c1a6d8ae-5f51-45ee-9465-6fd59732e758'
[2026/05/22 01:09:29   INFO]  [SessionServiceClient] Successfully obtained authorization grant
[2026/05/22 01:09:29   INFO]      [HandshakeHandler] Sending AuthGrant to QuicConnectionAddress{connId=77b3fc186c02697d8485d6c623c260641f76bb65} (/127.0.0.1:50576, streamId=0) (with server identity: true)
[2026/05/22 01:09:29 FINEST]           [LoginTiming] [{Authenticating(QuicConnectionAddress{connId=77b3fc186c02697d8485d6c623c260641f76bb65} (/127.0.0.1:50576, streamId=0)), authHandlerSupplier=com.hypixel.hytale.server.core.io.handlers.InitialPacketHandler$$Lambda/0x0000000033cee600@65d8bd56}] Entering stage 'auth:token' took 142ms 37us
[2026/05/22 01:09:29   INFO]      [HandshakeHandler] Received AuthToken from QuicConnectionAddress{connId=77b3fc186c02697d8485d6c623c260641f76bb65} (/127.0.0.1:50576, streamId=0), validating JWT (mTLS cert present: true, server auth grant: true)
[2026/05/22 01:09:29   INFO]       [CertificateUtil] Certificate binding validated successfully
[2026/05/22 01:09:29   INFO]          [JWTValidator] JWT validated successfully for user imseb (UUID: 6d49dfd8-b4aa-48ec-b608-4e0c15f00a4d)
[2026/05/22 01:09:29 FINEST]           [LoginTiming] [{Authenticating(QuicConnectionAddress{connId=77b3fc186c02697d8485d6c623c260641f76bb65} (/127.0.0.1:50576, streamId=0)), authHandlerSupplier=com.hypixel.hytale.server.core.io.handlers.InitialPacketHandler$$Lambda/0x0000000033cee600@65d8bd56}] Entering stage 'auth:server-exchange' took 80ms 899us 700ns
[2026/05/22 01:09:29   INFO]  [SessionServiceClient] Exchanging authorization grant for access token
[2026/05/22 01:09:29   INFO]  [SessionServiceClient] Successfully obtained access token
[2026/05/22 01:09:29   INFO]      [HandshakeHandler] Sending ServerAuthToken to QuicConnectionAddress{connId=77b3fc186c02697d8485d6c623c260641f76bb65} (/127.0.0.1:50576, streamId=0) (with password challenge: false)
[2026/05/22 01:09:29   INFO]      [HandshakeHandler] Mutual authentication complete for imseb (6d49dfd8-b4aa-48ec-b608-4e0c15f00a4d) from QuicConnectionAddress{connId=77b3fc186c02697d8485d6c623c260641f76bb65} (/127.0.0.1:50576, streamId=0)
[2026/05/22 01:09:29   FINE]           [LoginTiming] [{Authenticating(QuicConnectionAddress{connId=77b3fc186c02697d8485d6c623c260641f76bb65} (/127.0.0.1:50576, streamId=0)), authHandlerSupplier=com.hypixel.hytale.server.core.io.handlers.InitialPacketHandler$$Lambda/0x0000000033cee600@65d8bd56}] Authenticated took 40ms 642us 700ns
[2026/05/22 01:09:29   INFO] [PasswordPacketHandler] Connection complete for imseb (6d49dfd8-b4aa-48ec-b608-4e0c15f00a4d) (SNI: null), transitioning to setup
[2026/05/22 01:09:29 FINEST]           [LoginTiming] [{Setup(QuicConnectionAddress{connId=77b3fc186c02697d8485d6c623c260641f76bb65} (/127.0.0.1:50576, streamId=0)), imseb, 6d49dfd8-b4aa-48ec-b608-4e0c15f00a4d, SECURE}] Entering stage 'setup:world-settings' took 873us 900ns
[2026/05/22 01:09:29   FINE]           [LoginTiming] [{Setup(QuicConnectionAddress{connId=77b3fc186c02697d8485d6c623c260641f76bb65} (/127.0.0.1:50576, streamId=0)), imseb, 6d49dfd8-b4aa-48ec-b608-4e0c15f00a4d, SECURE}] Load Player Config took 623us
[2026/05/22 01:09:29 FINEST]           [LoginTiming] [{Setup(QuicConnectionAddress{connId=77b3fc186c02697d8485d6c623c260641f76bb65} (/127.0.0.1:50576, streamId=0)), imseb, 6d49dfd8-b4aa-48ec-b608-4e0c15f00a4d, SECURE}] Entering stage 'setup:assets-request' took 69ms 96us 900ns
[2026/05/22 01:09:29   FINE]           [LoginTiming] [{Setup(QuicConnectionAddress{connId=77b3fc186c02697d8485d6c623c260641f76bb65} (/127.0.0.1:50576, streamId=0)), imseb, 6d49dfd8-b4aa-48ec-b608-4e0c15f00a4d, SECURE}] Request Assets took 138ms 436us 100ns
[2026/05/22 01:09:29 FINEST]           [LoginTiming] [{Setup(QuicConnectionAddress{connId=77b3fc186c02697d8485d6c623c260641f76bb65} (/127.0.0.1:50576, streamId=0)), imseb, 6d49dfd8-b4aa-48ec-b608-4e0c15f00a4d, SECURE}] Entering stage 'setup:send-assets' took 663us 200ns
[2026/05/22 01:09:29   FINE]           [LoginTiming] [{Setup(QuicConnectionAddress{connId=77b3fc186c02697d8485d6c623c260641f76bb65} (/127.0.0.1:50576, streamId=0)), imseb, 6d49dfd8-b4aa-48ec-b608-4e0c15f00a4d, SECURE}] Send Common Assets took 11ms 967us 800ns
[2026/05/22 01:09:29   WARN]                [Hytale] Missing interaction Effect
[2026/05/22 01:09:29   WARN]                [Hytale] Missing interaction Toad_Rhino_Magma_Damage
[2026/05/22 01:09:30   FINE]           [LoginTiming] [{Setup(QuicConnectionAddress{connId=77b3fc186c02697d8485d6c623c260641f76bb65} (/127.0.0.1:50576, streamId=0)), imseb, 6d49dfd8-b4aa-48ec-b608-4e0c15f00a4d, SECURE}] Send Config Assets took 588ms 963us 400ns
[2026/05/22 01:09:31   FINE]           [LoginTiming] [{Setup(QuicConnectionAddress{connId=77b3fc186c02697d8485d6c623c260641f76bb65} (/127.0.0.1:50576, streamId=0)), imseb, 6d49dfd8-b4aa-48ec-b608-4e0c15f00a4d, SECURE}] Player Options took 1sec 369ms 135us 400ns
[2026/05/22 01:09:31   INFO]            [Universe|P] Adding player 'imseb (6d49dfd8-b4aa-48ec-b608-4e0c15f00a4d)
[2026/05/22 01:09:31 FINEST]           [LoginTiming] [{Playing(QuicConnectionAddress{connId=77b3fc186c02697d8485d6c623c260641f76bb65} (/127.0.0.1:50576, streamId=0)), null player}] Entering stage 'setup:add-to-universe' took 15ms 919us 100ns
[2026/05/22 01:09:31 FINEST]           [LoginTiming] [{Playing(QuicConnectionAddress{connId=77b3fc186c02697d8485d6c623c260641f76bb65} (/127.0.0.1:50576, streamId=0)), null player}] Load Player Config took 5ms 532us 200ns
[2026/05/22 01:09:31   INFO]           [Instances|P] Copying instance files for CreativeHub to world instance-CreativeHub-1cb69882-34b4-4c46-8b71-b813c03c9595
[2026/05/22 01:09:31   INFO]           [Instances|P] Completed instance files for CreativeHub to world instance-CreativeHub-1cb69882-34b4-4c46-8b71-b813c03c9595 in 23ms 378us 500ns
[2026/05/22 01:09:31   INFO] [World|instance-CreativeHub-1cb69882-34b4-4c46-8b71-b813c03c9595] Loading world 'instance-CreativeHub-1cb69882-34b4-4c46-8b71-b813c03c9595' with generator type: 'HytaleWorldGenProvider{name='Instance_Creative_Hub', version=0.0.0, path='null'}' and chunk storage: 'DefaultChunkStorageProvider{DEFAULT=IndexedStorageChunkStorageProvider{}}'...
[2026/05/22 01:09:31   INFO] [World|instance-CreativeHub-1cb69882-34b4-4c46-8b71-b813c03c9595] Added world 'instance-CreativeHub-1cb69882-34b4-4c46-8b71-b813c03c9595' - Seed: 1618917989368, GameTime: 0001-01-01T16:50:44.090953998Z
[2026/05/22 01:09:31   INFO]        [WorldGenerator] Loading world-gen with the following asset-packs (highest priority first):
[2026/05/22 01:09:31   INFO]        [WorldGenerator] - [  0] Hytale:Hytale:0.0.0 - [C:\Users\fishe\AppData\Roaming\Hytale\install\release\package\game\latest\Assets.zip]
[2026/05/22 01:09:31   INFO]        [WorldGenerator] Set prefab-loader config: path=/Server/World/Instance_Creative_Hub, store=ASSETS
[2026/05/22 01:09:31   INFO]        [WorldGenerator] Initialized ChunkGenerator-8 executor
[2026/05/22 01:09:31   INFO] [World|instance-CreativeHub-1cb69882-34b4-4c46-8b71-b813c03c9595|M] Initializing world map generator: com.hypixel.hytale.server.core.universe.world.worldmap.provider.DisabledWorldMapProvider$DisabledWorldMap@7e161a56
[2026/05/22 01:09:31   INFO] [World|instance-CreativeHub-1cb69882-34b4-4c46-8b71-b813c03c9595|M] Generating Points of Interest...
[2026/05/22 01:09:31   INFO] [World|instance-CreativeHub-1cb69882-34b4-4c46-8b71-b813c03c9595|M] Finished Generating Points of Interest!
[2026/05/22 01:09:31   INFO]                  [MOTM] [MOTM] >>> onPlayerConnect: Player{uuid=6d49dfd8-b4aa-48ec-b608-4e0c15f00a4d, clientViewRadius='9', LivingEntity{, Entity{id=-1, uuid=6d49dfd8-b4aa-48ec-b608-4e0c15f00a4d, reference='null', world=null, displayName='null', wasRemoved='false', removedBy='null'}}}
[2026/05/22 01:09:31   INFO]                  [MOTM] [MOTM] >>> onPlayerJoin: imseb id=6d49dfd8-b4aa-48ec-b608-4e0c15f00a4d
[2026/05/22 01:09:31   WARN]                  [MOTM] [MOTM] Could not rebuild perk stat modifiers: missing EntityStatMap for player=6d49dfd8-b4aa-48ec-b608-4e0c15f00a4d
[2026/05/22 01:09:31   INFO]                  [MOTM] [MOTM] Applied race bonuses for imseb: Human (HP +5)
[2026/05/22 01:09:31   INFO]                  [MOTM] [MOTM] imseb has pending Tier 1 perk selection
[2026/05/22 01:09:31   INFO]                  [MOTM] [MOTM] onPlayerConnect hasSavedLoadout=true playerId=6d49dfd8-b4aa-48ec-b608-4e0c15f00a4d
[2026/05/22 01:09:31   INFO]                  [MOTM] [MOTM] >>> rebuildPlayerRuntimeNow START playerId=6d49dfd8-b4aa-48ec-b608-4e0c15f00a4d class=terra styles=[quake]
[2026/05/22 01:09:31   WARN]                  [MOTM] [MOTM] Could not rebuild perk stat modifiers: missing EntityStatMap for player=6d49dfd8-b4aa-48ec-b608-4e0c15f00a4d
[2026/05/22 01:09:31   INFO]                  [MOTM] [MOTM] Applied race bonuses for imseb: Human (HP +5)
[2026/05/22 01:09:31   INFO]                  [MOTM] [MOTM] <<< rebuildPlayerRuntimeNow END playerId=6d49dfd8-b4aa-48ec-b608-4e0c15f00a4d class=terra styles=[quake]
[2026/05/22 01:09:31   INFO]                  [MOTM] [MOTM] onPlayerConnect ensureSpellbookItem=false hasSpellbook=false
[2026/05/22 01:09:31   INFO]                  [MOTM] [MOTM] onPlayerConnect done dt=21ms playerId=6d49dfd8-b4aa-48ec-b608-4e0c15f00a4d
[2026/05/22 01:09:31 FINEST]           [LoginTiming] [{Playing(QuicConnectionAddress{connId=77b3fc186c02697d8485d6c623c260641f76bb65} (/127.0.0.1:50576, streamId=0)), 6d49dfd8-b4aa-48ec-b608-4e0c15f00a4d, imseb}] Processed Referral took 71ms 173us 600ns
[2026/05/22 01:09:31   WARN]                [Hytale] {Playing(QuicConnectionAddress{connId=77b3fc186c02697d8485d6c623c260641f76bb65} (/127.0.0.1:50576, streamId=0)), 6d49dfd8-b4aa-48ec-b608-4e0c15f00a4d, imseb} Added future for ClientReady packet?
[2026/05/22 01:09:31   INFO] [World|instance-CreativeHub-1cb69882-34b4-4c46-8b71-b813c03c9595] Adding player 'imseb' to world 'instance-CreativeHub-1cb69882-34b4-4c46-8b71-b813c03c9595' at location null (6d49dfd8-b4aa-48ec-b608-4e0c15f00a4d)
[2026/05/22 01:09:31   INFO]                [Hytale] {Playing(QuicConnectionAddress{connId=77b3fc186c02697d8485d6c623c260641f76bb65} (/127.0.0.1:50576, streamId=0)), 6d49dfd8-b4aa-48ec-b608-4e0c15f00a4d, imseb}: Sent com.hypixel.hytale.protocol.packets.player.JoinWorld@63632701
[2026/05/22 01:09:32   WARN]                [Hytale] {Playing(QuicConnectionAddress{connId=77b3fc186c02697d8485d6c623c260641f76bb65} (/127.0.0.1:50576, streamId=0)), 6d49dfd8-b4aa-48ec-b608-4e0c15f00a4d, imseb}: Received com.hypixel.hytale.protocol.packets.player.ClientReady@9da7
[2026/05/22 01:09:32   INFO] [World|instance-CreativeHub-1cb69882-34b4-4c46-8b71-b813c03c9595] Player 'imseb' joined world 'instance-CreativeHub-1cb69882-34b4-4c46-8b71-b813c03c9595' at location Vector3d{x=-146.10464477539062, y=117.11052095890045, z=263.6065979003906} (6d49dfd8-b4aa-48ec-b608-4e0c15f00a4d)
[2026/05/22 01:09:32 FINEST]           [LoginTiming] [{Playing(QuicConnectionAddress{connId=77b3fc186c02697d8485d6c623c260641f76bb65} (/127.0.0.1:50576, streamId=0)), 6d49dfd8-b4aa-48ec-b608-4e0c15f00a4d, imseb}] Add to World took 571ms 780us 200ns
[2026/05/22 01:09:32   FINE]           [LoginTiming] [{Playing(QuicConnectionAddress{connId=77b3fc186c02697d8485d6c623c260641f76bb65} (/127.0.0.1:50576, streamId=0)), 6d49dfd8-b4aa-48ec-b608-4e0c15f00a4d, imseb}] Add To Universe took 64us 900ns
[2026/05/22 01:09:32   INFO]                  [MOTM] [MOTM] Pending spellbook grant processed: playerId=6d49dfd8-b4aa-48ec-b608-4e0c15f00a4d granted=false nowHasSpellbook=true
[2026/05/22 01:09:32   INFO]       [WorldMapTracker] Started Generating Map!
[2026/05/22 01:09:32   WARN]                [Entity] getPositionComponent called async [CONTEXT ratelimit_period="5 MINUTES" ]
java.lang.Throwable
	at com.hypixel.hytale.server.core.entity.Entity.getTransformComponent(Entity.java:278)
	at com.hypixel.hytale.server.core.universe.world.WorldMapTracker.tick(WorldMapTracker.java:136)
	at com.hypixel.hytale.server.core.universe.world.worldmap.WorldMapManager.tick(WorldMapManager.java:186)
	at com.hypixel.hytale.server.core.util.thread.TickingThread.run(TickingThread.java:95)
	at java.base/java.lang.Thread.run(Unknown Source)

[2026/05/22 01:09:33   WARN]                [Hytale] {Playing(QuicConnectionAddress{connId=77b3fc186c02697d8485d6c623c260641f76bb65} (/127.0.0.1:50576, streamId=0)), 6d49dfd8-b4aa-48ec-b608-4e0c15f00a4d, imseb}: Received com.hypixel.hytale.protocol.packets.player.ClientReady@9da1
[2026/05/22 01:09:33   INFO]                  [MOTM] [MOTM] >>> onPlayerReady: Player{uuid=6d49dfd8-b4aa-48ec-b608-4e0c15f00a4d, clientViewRadius='9', LivingEntity{, Entity{id=1, uuid=6d49dfd8-b4aa-48ec-b608-4e0c15f00a4d, reference='Ref{store=class com.hypixel.hytale.component.Store@833033234, index=0}', world=instance-CreativeHub-1cb69882-34b4-4c46-8b71-b813c03c9595, displayName='null', wasRemoved='false', removedBy='null'}}}
[2026/05/22 01:09:33   INFO]                  [MOTM] [MOTM] Queue HUD install: playerId=6d49dfd8-b4aa-48ec-b608-4e0c15f00a4d delayTicks=4
[2026/05/22 01:09:33   INFO]                  [MOTM] [MOTM] onPlayerReady done playerId=6d49dfd8-b4aa-48ec-b608-4e0c15f00a4d
[2026/05/22 01:09:33   INFO]                  [MOTM] [MOTM] Pending spellbook grant processed: playerId=6d49dfd8-b4aa-48ec-b608-4e0c15f00a4d granted=false nowHasSpellbook=true
[2026/05/22 01:09:33   INFO]                  [MOTM] [MOTM] Installing HUD: playerId=6d49dfd8-b4aa-48ec-b608-4e0c15f00a4d
[2026/05/22 01:09:36   INFO]                  [MOTM] [MOTM] Free-cast health drop detected: player=imseb class=terra styles=[quake] from=272.0 to=0.0 burn=false dot=false
[2026/05/22 01:09:40   WARN] [UpdateLocationSystems] Entity has moved into a chunk that isn't currently loaded! 159, 155, com.hypixel.hytale.server.core.modules.entity.component.TransformComponent@3780e15b
[2026/05/22 01:09:40   WARN] [UpdateLocationSystems] Entity has moved into a chunk that isn't currently loaded! 159, 155, com.hypixel.hytale.server.core.modules.entity.component.TransformComponent@3780e15b
[2026/05/22 01:09:40   WARN] [UpdateLocationSystems] Entity has moved into a chunk that isn't currently loaded! 159, 155, com.hypixel.hytale.server.core.modules.entity.component.TransformComponent@3780e15b
[2026/05/22 01:09:43   INFO]                  [MOTM] [MOTM] Custom spellbook interaction fired: type=Primary slot=1 player=Player{uuid=6d49dfd8-b4aa-48ec-b608-4e0c15f00a4d, clientViewRadius='9', LivingEntity{, Entity{id=1, uuid=6d49dfd8-b4aa-48ec-b608-4e0c15f00a4d, reference='Ref{store=class com.hypixel.hytale.component.Store@833033234, index=0}', world=instance-CreativeHub-1cb69882-34b4-4c46-8b71-b813c03c9595, displayName='null', wasRemoved='false', removedBy='null'}}}
[2026/05/22 01:09:43   INFO]                  [MOTM] [MOTM] Spellbook cast attempt: player=imseb slot=1 source=interaction:custom
[2026/05/22 01:09:43   INFO]                  [MOTM] [MOTM] Slot cast resolved: player=imseb style=quake slot=1 ability=stomp
[2026/05/22 01:09:43   INFO]                  [MOTM] [MOTM] Queue ability cast: playerId=6d49dfd8-b4aa-48ec-b608-4e0c15f00a4d abilityId=stomp notifyFailures=false
[2026/05/22 01:09:43   INFO]                  [MOTM] [MOTM] Processing queued ability cast: playerId=6d49dfd8-b4aa-48ec-b608-4e0c15f00a4d abilityId=stomp
[2026/05/22 01:09:43   INFO]                  [MOTM] [MOTM] Stomp armed: player=imseb - next jump's landing will trigger the shockwave
[2026/05/22 01:09:43   INFO]                  [MOTM] [MOTM] Queued ability cast result: playerId=6d49dfd8-b4aa-48ec-b608-4e0c15f00a4d abilityId=stomp result=[MOTM] Cast Stomp! Charges 3/4. Runtime: Stomp armed (jump -> land to release the shockwave).
[2026/05/22 01:10:03   INFO]        [CommandManager] imseb executed command: motm dev freecast on
[2026/05/22 01:10:05   INFO]        [CommandManager] imseb executed command: motm dev class set terra
[2026/05/22 01:10:05   INFO]                  [MOTM] [MOTM] Queue runtime rebuild: playerId=6d49dfd8-b4aa-48ec-b608-4e0c15f00a4d
[2026/05/22 01:10:05   INFO]                  [MOTM] [MOTM] >>> rebuildPlayerRuntimeNow START playerId=6d49dfd8-b4aa-48ec-b608-4e0c15f00a4d class=terra styles=[]
[2026/05/22 01:10:05   INFO]                  [MOTM] [MOTM] Rebuilt perk stat modifiers: player=6d49dfd8-b4aa-48ec-b608-4e0c15f00a4d perks=0 modifiersApplied=0
[2026/05/22 01:10:05   INFO]                  [MOTM] [MOTM] Applied race bonuses for imseb: Human (HP +5)
[2026/05/22 01:10:05   INFO]                  [MOTM] [MOTM] <<< rebuildPlayerRuntimeNow END playerId=6d49dfd8-b4aa-48ec-b608-4e0c15f00a4d class=terra styles=[]
[2026/05/22 01:10:06   INFO]        [CommandManager] imseb executed command: motm dev styles clear
[2026/05/22 01:10:06   INFO]                  [MOTM] [MOTM] Queue runtime rebuild: playerId=6d49dfd8-b4aa-48ec-b608-4e0c15f00a4d
[2026/05/22 01:10:06   INFO]                  [MOTM] [MOTM] >>> rebuildPlayerRuntimeNow START playerId=6d49dfd8-b4aa-48ec-b608-4e0c15f00a4d class=terra styles=[]
[2026/05/22 01:10:06   INFO]                  [MOTM] [MOTM] Rebuilt perk stat modifiers: player=6d49dfd8-b4aa-48ec-b608-4e0c15f00a4d perks=0 modifiersApplied=0
[2026/05/22 01:10:06   INFO]                  [MOTM] [MOTM] Applied race bonuses for imseb: Human (HP +5)
[2026/05/22 01:10:06   INFO]                  [MOTM] [MOTM] <<< rebuildPlayerRuntimeNow END playerId=6d49dfd8-b4aa-48ec-b608-4e0c15f00a4d class=terra styles=[]
[2026/05/22 01:10:08   INFO]        [CommandManager] imseb executed command: motm style magma
[2026/05/22 01:10:08   INFO]                  [MOTM] [MOTM] imseb selected styles: [magma]
[2026/05/22 01:10:08   INFO]                  [MOTM] [MOTM] Queue runtime rebuild: playerId=6d49dfd8-b4aa-48ec-b608-4e0c15f00a4d
[2026/05/22 01:10:08   INFO]                  [MOTM] [MOTM] >>> rebuildPlayerRuntimeNow START playerId=6d49dfd8-b4aa-48ec-b608-4e0c15f00a4d class=terra styles=[magma]
[2026/05/22 01:10:08   INFO]                  [MOTM] [MOTM] Rebuilt perk stat modifiers: player=6d49dfd8-b4aa-48ec-b608-4e0c15f00a4d perks=0 modifiersApplied=0
[2026/05/22 01:10:08   INFO]                  [MOTM] [MOTM] Applied race bonuses for imseb: Human (HP +5)
[2026/05/22 01:10:08   INFO]                  [MOTM] [MOTM] <<< rebuildPlayerRuntimeNow END playerId=6d49dfd8-b4aa-48ec-b608-4e0c15f00a4d class=terra styles=[magma]
[2026/05/22 01:10:08   INFO]                  [MOTM] [MOTM] Pending spellbook grant processed: playerId=6d49dfd8-b4aa-48ec-b608-4e0c15f00a4d granted=false nowHasSpellbook=true
[2026/05/22 01:10:09   INFO]        [CommandManager] imseb executed command: motm dev test mobs
[2026/05/22 01:10:09   INFO]                  [MOTM] [MOTM] Style test mob spawn queued: playerId=6d49dfd8-b4aa-48ec-b608-4e0c15f00a4d added=true
[2026/05/22 01:10:10   INFO]                  [MOTM] [MOTM] Style test mobs spawned: count=2 mode=standard grounded=(5095.50, 168.00, 4977.50) floating=(5098.50, 171.00, 4977.50)
[2026/05/22 01:10:10   INFO]                  [MOTM] [MOTM] Unmapped NPC type encountered. npcTypeId=Goblin_Scrapper, modelAssetId=Goblin_Scrapper
[2026/05/22 01:10:10   INFO]                  [MOTM] [MOTM] Unmapped NPC type encountered. npcTypeId=Bat, modelAssetId=Bat
[2026/05/22 01:10:11   INFO]        [CommandManager] imseb executed command: motm spellbook overview
[2026/05/22 01:10:37   INFO]        [CommandManager] imseb executed command: motm dev test ability magma_sling
[2026/05/22 01:10:37   INFO]                  [MOTM] [MOTM] Live ability test target: playerId=6d49dfd8-b4aa-48ec-b608-4e0c15f00a4d abilityId=magma_sling hasTarget=true targetBlock=Vector3i{x=5095, y=168, z=4977}
[2026/05/22 01:10:37   INFO]                  [MOTM] [MOTM] Queue ability cast: playerId=6d49dfd8-b4aa-48ec-b608-4e0c15f00a4d abilityId=magma_sling notifyFailures=true
[2026/05/22 01:10:37   INFO]                  [MOTM] [MOTM] Processing queued ability cast: playerId=6d49dfd8-b4aa-48ec-b608-4e0c15f00a4d abilityId=magma_sling
[2026/05/22 01:10:37   INFO]                  [MOTM] [MOTM] Queued ability cast result: playerId=6d49dfd8-b4aa-48ec-b608-4e0c15f00a4d abilityId=magma_sling result=[MOTM] Cast Magma Sling! Runtime: terra cast visuals | launched 1 projectile at 22.0m/s.
[2026/05/22 01:10:37   INFO]                  [MOTM] [MOTM] Unmapped NPC type encountered. npcTypeId=Slug_Magma, modelAssetId=Slug_Magma
